cor;numero;hora;data;seed_servidor
Red;4;21:17;Dia: 27/01/2023;9rKbLADxl6
Black;11;21:16;Dia: 27/01/2023;XlO50YyP1O
Red;6;21:16;Dia: 27/01/2023;WldVgoao13
Black;14;21:15;Dia: 27/01/2023;elYn5BN9rL
Red;1;21:15;Dia: 27/01/2023;R1p2VXADl5
Red;5;21:14;Dia: 27/01/2023;RkbWvo2nlL
White;0;21:14;Dia: 27/01/2023;EryV8wL41j
Red;6;21:13;Dia: 27/01/2023;AlAm69GdlG
Black;10;21:13;Dia: 27/01/2023;plzXnJ9Y1n
Red;4;21:12;Dia: 27/01/2023;Kl3XDvKDrN
Red;3;21:12;Dia: 27/01/2023;xrMaYbBarQ
White;0;21:11;Dia: 27/01/2023;YrJ3y7md1K
Red;1;21:11;Dia: 27/01/2023;DlZ4KVR71j
Black;14;21:10;Dia: 27/01/2023;6rXBwaGykO
Red;7;21:10;Dia: 27/01/2023;V16GwR2XkB
Black;14;21:09;Dia: 27/01/2023;J1oVQ4Nerd
Black;14;21:09;Dia: 27/01/2023;Arwdz4WY1z
White;0;21:08;Dia: 27/01/2023;ekj6gnO3k9
White;0;21:08;Dia: 27/01/2023;O1BRQAVZ1K
Black;8;21:07;Dia: 27/01/2023;5rVXmwWJkK
Red;7;21:07;Dia: 27/01/2023;w1Da7byYkE
White;0;21:06;Dia: 27/01/2023;J1mvgnLDkj
Black;10;21:06;Dia: 27/01/2023;okgV5npp1y
Red;2;21:05;Dia: 27/01/2023;4lQ7gOeP1n
Red;4;21:05;Dia: 27/01/2023;RlvYnoqQkj
Black;14;21:04;Dia: 27/01/2023;LknD0n9br3
Red;2;21:04;Dia: 27/01/2023;2l4GPvzAkn
Red;2;21:03;Dia: 27/01/2023;Kl5aXMWNl9
Black;12;21:03;Dia: 27/01/2023;blRLgKx21O
Red;3;21:02;Dia: 27/01/2023;V1anzomZke
Black;11;21:02;Dia: 27/01/2023;8kGbgdY91Z
Black;12;21:01;Dia: 27/01/2023;8r22XW0Jrb
Red;2;21:01;Dia: 27/01/2023;erWE5a2pkX
Red;2;21:00;Dia: 27/01/2023;V1qoX4PvlB
Black;11;21:00;Dia: 27/01/2023;Rl8Xo5a9lK
Black;8;20:59;Dia: 27/01/2023;5k0LJ0e3kY
Black;10;20:59;Dia: 27/01/2023;z1xQZw2gkp
Black;13;20:58;Dia: 27/01/2023;V1eKgoyOlo
Black;11;20:58;Dia: 27/01/2023;qlPeodPgrz
Red;7;20:57;Dia: 27/01/2023;dlEaApbwlv
Black;13;20:57;Dia: 27/01/2023;mlN6LpN5lv
Red;6;20:56;Dia: 27/01/2023;M19XD9RorA
Red;5;20:56;Dia: 27/01/2023;ylLz9yL01G
Black;13;20:55;Dia: 27/01/2023;G17zD0GorZ
Red;4;20:55;Dia: 27/01/2023;9rKbLA7xl6
Black;10;20:54;Dia: 27/01/2023;XlO50YEP1O
Red;6;20:54;Dia: 27/01/2023;WldVgoAo13
Red;3;20:53;Dia: 27/01/2023;elYn5Ba9rL
Black;8;20:53;Dia: 27/01/2023;R1p2VXEDl5
Red;6;20:52;Dia: 27/01/2023;RkbWvoDnlL
Black;13;20:52;Dia: 27/01/2023;EryV8wG41j
White;0;20:51;Dia: 27/01/2023;AlAm69DdlG
Red;3;20:51;Dia: 27/01/2023;plzXnJaY1n
Red;1;20:50;Dia: 27/01/2023;Kl3XDv8DrN
Black;10;20:50;Dia: 27/01/2023;xrMaYb9arQ
Black;12;20:49;Dia: 27/01/2023;YrJ3y7Kd1K
Black;14;20:49;Dia: 27/01/2023;DlZ4KVa71j
Red;2;20:48;Dia: 27/01/2023;6rXBwa2ykO
Red;3;20:48;Dia: 27/01/2023;V16GwRqXkB
Black;8;20:47;Dia: 27/01/2023;J1oVQ4jerd
Black;14;20:47;Dia: 27/01/2023;Arwdz4BY1z
Black;14;20:46;Dia: 27/01/2023;ekj6gnB3k9
Black;14;20:46;Dia: 27/01/2023;O1BRQAmZ1K
Red;6;20:45;Dia: 27/01/2023;5rVXmwqJkK
Black;12;20:45;Dia: 27/01/2023;w1Da7bAYkE
Black;10;20:44;Dia: 27/01/2023;J1mvgnZDkj
White;0;20:44;Dia: 27/01/2023;okgV5nBp1y
Red;5;20:43;Dia: 27/01/2023;4lQ7gOPP1n
Black;10;20:43;Dia: 27/01/2023;RlvYnoBQkj
Black;8;20:42;Dia: 27/01/2023;LknD0nBbr3
Black;10;20:42;Dia: 27/01/2023;2l4GPv0Akn
Black;12;20:41;Dia: 27/01/2023;Kl5aXM8Nl9
Red;5;20:41;Dia: 27/01/2023;blRLgKe21O
Red;2;20:40;Dia: 27/01/2023;V1anzogZke
Black;11;20:40;Dia: 27/01/2023;8kGbgdp91Z
Red;6;20:39;Dia: 27/01/2023;8r22XWzJrb
Black;9;20:39;Dia: 27/01/2023;erWE5aWpkX
Red;5;20:38;Dia: 27/01/2023;V1qoX4BvlB
Red;3;20:38;Dia: 27/01/2023;Rl8Xo529lK
Black;10;20:37;Dia: 27/01/2023;5k0LJ0E3kY
Black;13;20:37;Dia: 27/01/2023;z1xQZwXgkp
Black;8;20:36;Dia: 27/01/2023;V1eKgoBOlo
Red;7;20:36;Dia: 27/01/2023;qlPeodEgrz
Black;10;20:35;Dia: 27/01/2023;dlEaApywlv
Black;11;20:35;Dia: 27/01/2023;mlN6Lp95lv
Black;12;20:34;Dia: 27/01/2023;M19XD9GorA
White;0;20:34;Dia: 27/01/2023;ylLz9y701G
Black;10;20:33;Dia: 27/01/2023;G17zD0WorZ
Red;5;20:33;Dia: 27/01/2023;9rKbLAKxl6
White;0;20:32;Dia: 27/01/2023;XlO50YNP1O
Black;12;20:32;Dia: 27/01/2023;WldVgoBo13
White;0;20:31;Dia: 27/01/2023;elYn5BG9rL
Black;14;20:31;Dia: 27/01/2023;R1p2VXBDl5
Black;14;20:30;Dia: 27/01/2023;RkbWvomnlL
Black;10;20:30;Dia: 27/01/2023;EryV8wB41j
Red;5;20:29;Dia: 27/01/2023;AlAm69gdlG
Black;10;20:29;Dia: 27/01/2023;mlN6Lp9dlv
Black;14;20:28;Dia: 27/01/2023;M19XD9GDrA
Red;6;20:28;Dia: 27/01/2023;ylLz9y7z1G
Black;10;20:27;Dia: 27/01/2023;G17zD0WQrZ
Black;8;20:27;Dia: 27/01/2023;9rKbLA0Gl6
Red;1;20:26;Dia: 27/01/2023;XlO50Y2j1O
Black;14;20:26;Dia: 27/01/2023;WldVgo9b13
Black;10;20:25;Dia: 27/01/2023;elYn5BmMrL
Black;8;20:25;Dia: 27/01/2023;R1p2VXaol5
Black;11;20:24;Dia: 27/01/2023;RkbWvo73lL
Red;1;20:24;Dia: 27/01/2023;EryV8wA91j
Black;9;20:23;Dia: 27/01/2023;AlAm69OJlG
Black;14;20:23;Dia: 27/01/2023;plzXnJyR1n
Red;7;20:22;Dia: 27/01/2023;Kl3XDvRKrN
Black;11;20:22;Dia: 27/01/2023;xrMaYbq9rQ
Black;12;20:21;Dia: 27/01/2023;YrJ3y7xO1K
Black;9;20:21;Dia: 27/01/2023;DlZ4KVAA1j
Red;5;20:20;Dia: 27/01/2023;6rXBwagjkO
Black;10;20:20;Dia: 27/01/2023;V16GwRnbkB
Black;12;20:19;Dia: 27/01/2023;J1oVQ4GMrd
Red;5;20:19;Dia: 27/01/2023;Arwdz4gp1z
Black;10;20:18;Dia: 27/01/2023;ekj6gn0Yk9
Red;1;20:18;Dia: 27/01/2023;O1BRQAKd1K
White;0;20:17;Dia: 27/01/2023;5rVXmwvYkK
Black;11;20:17;Dia: 27/01/2023;w1Da7bL4kE
Red;6;20:16;Dia: 27/01/2023;J1mvgnW5kj
Black;12;20:16;Dia: 27/01/2023;okgV5nPx1y
Red;2;20:15;Dia: 27/01/2023;4lQ7gOa01n
Black;13;20:15;Dia: 27/01/2023;RlvYnoQgkj
Black;12;20:14;Dia: 27/01/2023;LknD0n2xr3
Black;9;20:14;Dia: 27/01/2023;2l4GPv54kn
Red;3;20:13;Dia: 27/01/2023;Kl5aXM4ml9
Red;4;20:12;Dia: 27/01/2023;blRLgKR01O
Black;10;20:12;Dia: 27/01/2023;V1anzoK2ke
White;0;20:11;Dia: 27/01/2023;8kGbgdE01Z
Black;9;20:11;Dia: 27/01/2023;8r22XWaMrb
White;0;20:10;Dia: 27/01/2023;erWE5aQDkX
Black;9;20:10;Dia: 27/01/2023;V1qoX4RDlB
Red;1;20:09;Dia: 27/01/2023;Rl8Xo5Q5lK
Red;2;20:09;Dia: 27/01/2023;5k0LJ02xkY
Black;14;20:08;Dia: 27/01/2023;z1xQZwmzkp
White;0;20:08;Dia: 27/01/2023;V1eKgoNAlo
Black;10;20:07;Dia: 27/01/2023;qlPeodG6rz
Black;9;20:07;Dia: 27/01/2023;dlEaAp9zlv
Red;4;20:06;Dia: 27/01/2023;mlN6LpWdlv
Red;3;20:06;Dia: 27/01/2023;M19XD9gDrA
Black;14;20:05;Dia: 27/01/2023;ylLz9y8z1G
Red;7;20:05;Dia: 27/01/2023;G17zD0vQrZ
Black;13;20:04;Dia: 27/01/2023;9rKbLAvGl6
Red;4;20:04;Dia: 27/01/2023;XlO50Y3j1O
Red;1;20:03;Dia: 27/01/2023;WldVgojb13
Red;2;20:03;Dia: 27/01/2023;elYn5BjMrL
Black;10;20:02;Dia: 27/01/2023;R1p2VXYol5
Red;7;20:02;Dia: 27/01/2023;RkbWvow3lL
Red;7;20:01;Dia: 27/01/2023;EryV8wP91j
Black;13;20:01;Dia: 27/01/2023;AlAm698JlG
Red;6;20:00;Dia: 27/01/2023;plzXnJeR1n
Red;6;20:00;Dia: 27/01/2023;Kl3XDvpKrN
Black;11;19:59;Dia: 27/01/2023;xrMaYbg9rQ
Black;14;19:59;Dia: 27/01/2023;YrJ3y7nO1K
Red;1;19:58;Dia: 27/01/2023;DlZ4KVjA1j
Red;5;19:58;Dia: 27/01/2023;6rXBwajjkO
Red;1;19:57;Dia: 27/01/2023;V16GwRObkB
Black;8;19:57;Dia: 27/01/2023;J1oVQ4pMrd
Black;9;19:56;Dia: 27/01/2023;Arwdz4Np1z
Black;12;19:56;Dia: 27/01/2023;ekj6gnjYk9
Black;8;19:55;Dia: 27/01/2023;O1BRQAqd1K
Black;12;19:55;Dia: 27/01/2023;5rVXmwjYkK
Red;3;19:54;Dia: 27/01/2023;w1Da7b24kE
Black;8;19:54;Dia: 27/01/2023;J1mvgny5kj
Black;12;19:53;Dia: 27/01/2023;okgV5nzx1y
Red;4;19:53;Dia: 27/01/2023;4lQ7gOj01n
Red;4;19:52;Dia: 27/01/2023;RlvYno9gkj
Red;1;19:52;Dia: 27/01/2023;LknD0nbxr3
Red;2;19:51;Dia: 27/01/2023;2l4GPvY4kn
Black;12;19:51;Dia: 27/01/2023;Kl5aXMdml9
Black;14;19:50;Dia: 27/01/2023;blRLgKj01O
Black;10;19:50;Dia: 27/01/2023;V1anzoj2ke
Red;1;19:49;Dia: 27/01/2023;8kGbgdR01Z
Red;2;19:49;Dia: 27/01/2023;8r22XWbMrb
Black;10;19:48;Dia: 27/01/2023;erWE5ajDkX
Black;9;19:48;Dia: 27/01/2023;V1qoX4dDlB
Red;3;19:47;Dia: 27/01/2023;Rl8Xo575lK
Black;11;19:47;Dia: 27/01/2023;5k0LJ0AxkY
Red;5;19:46;Dia: 27/01/2023;z1xQZwEzkp
Black;12;19:46;Dia: 27/01/2023;V1eKgojAlo
Black;9;19:45;Dia: 27/01/2023;qlPeodj6rz
Black;14;19:45;Dia: 27/01/2023;dlEaApGzlv
Black;12;19:44;Dia: 27/01/2023;mlN6Lpjdlv
Red;4;19:44;Dia: 27/01/2023;M19XD9LDrA
Red;3;19:43;Dia: 27/01/2023;ylLz9yQz1G
Red;4;19:43;Dia: 27/01/2023;G17zD0KQrZ
White;0;19:42;Dia: 27/01/2023;9rKbLARGl6
Red;7;19:42;Dia: 27/01/2023;XlO50Yvj1O
Red;1;19:41;Dia: 27/01/2023;WldVgoWb13
Black;11;19:41;Dia: 27/01/2023;elYn5B7MrL
Red;3;19:40;Dia: 27/01/2023;R1p2VXbol5
Red;5;19:40;Dia: 27/01/2023;RkbWvo83lL
White;0;19:39;Dia: 27/01/2023;EryV8wN91j
Black;14;19:39;Dia: 27/01/2023;AlAm69PJlG
Black;11;19:38;Dia: 27/01/2023;mlN6Lpnelv
Black;10;19:38;Dia: 27/01/2023;M19XD9dPrA
Red;3;19:37;Dia: 27/01/2023;ylLz9y5L1G
Red;6;19:37;Dia: 27/01/2023;G17zD0pWrZ
Red;1;19:36;Dia: 27/01/2023;9rKbLAR0l6
Red;6;19:36;Dia: 27/01/2023;XlO50Yv31O
Red;3;19:35;Dia: 27/01/2023;WldVgoWW13
Black;11;19:35;Dia: 27/01/2023;elYn5B7WrL
Red;3;19:34;Dia: 27/01/2023;R1p2VXbRl5
Red;1;19:34;Dia: 27/01/2023;RkbWvo8ZlL
Red;5;19:33;Dia: 27/01/2023;EryV8wN61j
Black;12;19:33;Dia: 27/01/2023;AlAm69PKlG
Red;6;19:32;Dia: 27/01/2023;plzXnJEx1n
Black;9;19:32;Dia: 27/01/2023;Kl3XDvQNrN
Black;11;19:31;Dia: 27/01/2023;xrMaYbzjrQ
Red;2;19:31;Dia: 27/01/2023;YrJ3y7aL1K
Red;6;19:30;Dia: 27/01/2023;DlZ4KVLq1j
Black;14;19:30;Dia: 27/01/2023;6rXBwaKNkO
Red;1;19:29;Dia: 27/01/2023;V16GwRbvkB
Red;1;19:29;Dia: 27/01/2023;J1oVQ4yxrd
Black;8;19:28;Dia: 27/01/2023;Arwdz4LX1z
Red;7;19:28;Dia: 27/01/2023;ekj6gn4wk9
Red;7;19:27;Dia: 27/01/2023;O1BRQAen1K
White;0;19:27;Dia: 27/01/2023;5rVXmwdxkK
Black;13;19:26;Dia: 27/01/2023;w1Da7b08kE
Black;9;19:26;Dia: 27/01/2023;J1mvgnQ4kj
White;0;19:25;Dia: 27/01/2023;okgV5nan1y
Red;5;19:25;Dia: 27/01/2023;4lQ7gOAb1n
Black;12;19:24;Dia: 27/01/2023;RlvYno78kj
Red;2;19:24;Dia: 27/01/2023;LknD0nAZr3
Black;9;19:23;Dia: 27/01/2023;2l4GPvAgkn
Black;9;19:23;Dia: 27/01/2023;Kl5aXMyGl9
Black;12;19:22;Dia: 27/01/2023;blRLgKya1O
Red;6;19:22;Dia: 27/01/2023;V1anzo0zke
Black;11;19:21;Dia: 27/01/2023;8kGbgdWb1Z
Black;13;19:21;Dia: 27/01/2023;8r22XWvqrb
Red;1;19:20;Dia: 27/01/2023;erWE5a8bkX
Red;3;19:20;Dia: 27/01/2023;V1qoX4MnlB
Black;14;19:19;Dia: 27/01/2023;Rl8Xo5eJlK
Red;3;19:19;Dia: 27/01/2023;5k0LJ0ODkY
Red;6;19:18;Dia: 27/01/2023;z1xQZwMdkp
Black;11;19:18;Dia: 27/01/2023;V1eKgoM3lo
Black;10;19:17;Dia: 27/01/2023;qlPeod9Orz
Red;6;19:17;Dia: 27/01/2023;dlEaApvJlv
Black;8;19:16;Dia: 27/01/2023;mlN6Lp7elv
Red;5;19:16;Dia: 27/01/2023;M19XD9xPrA
Red;4;19:15;Dia: 27/01/2023;ylLz9yOL1G
Red;2;19:15;Dia: 27/01/2023;G17zD0PWrZ
Black;11;19:14;Dia: 27/01/2023;9rKbLAd0l6
Red;6;19:14;Dia: 27/01/2023;XlO50YL31O
Black;11;19:13;Dia: 27/01/2023;WldVgoMW13
Red;1;19:13;Dia: 27/01/2023;elYn5BWWrL
Red;4;19:12;Dia: 27/01/2023;R1p2VXMRl5
Black;8;19:12;Dia: 27/01/2023;RkbWvoMZlL
Black;13;19:11;Dia: 27/01/2023;EryV8wM61j
Red;6;19:11;Dia: 27/01/2023;AlAm69RKlG
Black;13;19:10;Dia: 27/01/2023;plzXnJMx1n
Red;1;19:10;Dia: 27/01/2023;Kl3XDvLNrN
Black;13;19:09;Dia: 27/01/2023;xrMaYbKjrQ
Black;14;19:09;Dia: 27/01/2023;YrJ3y7YL1K
Red;3;19:08;Dia: 27/01/2023;DlZ4KV2q1j
Red;7;19:08;Dia: 27/01/2023;6rXBwaqNkO
Red;7;19:07;Dia: 27/01/2023;V16GwREvkB
Red;4;19:07;Dia: 27/01/2023;J1oVQ4Mxrd
Red;3;19:06;Dia: 27/01/2023;Arwdz4MX1z
Black;14;19:06;Dia: 27/01/2023;ekj6gnMwk9
Red;1;19:05;Dia: 27/01/2023;O1BRQA5n1K
White;0;19:05;Dia: 27/01/2023;5rVXmw0xkK
Black;12;19:04;Dia: 27/01/2023;w1Da7bn8kE
Red;4;19:04;Dia: 27/01/2023;J1mvgnM4kj
Red;5;19:03;Dia: 27/01/2023;okgV5nMn1y
Black;10;19:03;Dia: 27/01/2023;4lQ7gONb1n
Black;10;19:02;Dia: 27/01/2023;RlvYnoM8kj
Black;12;19:02;Dia: 27/01/2023;LknD0nMZr3
Black;12;19:01;Dia: 27/01/2023;2l4GPv9gkn
Red;1;19:01;Dia: 27/01/2023;Kl5aXMNGl9
Red;6;19:00;Dia: 27/01/2023;blRLgKEa1O
Red;3;19:00;Dia: 27/01/2023;V1anzovzke
Black;14;18:59;Dia: 27/01/2023;8kGbgdyb1Z
Black;8;18:59;Dia: 27/01/2023;8r22XW7qrb
Black;9;18:58;Dia: 27/01/2023;erWE5a4bkX
Black;8;18:58;Dia: 27/01/2023;V1qoX45nlB
White;0;18:57;Dia: 27/01/2023;Rl8Xo5GJlK
Red;1;18:57;Dia: 27/01/2023;5k0LJ0PDkY
Red;6;18:56;Dia: 27/01/2023;z1xQZwYdkp
Red;5;18:56;Dia: 27/01/2023;V1eKgoE3lo
Black;13;18:55;Dia: 27/01/2023;qlPeodqOrz
Red;7;18:55;Dia: 27/01/2023;dlEaApKJlv
Red;7;18:54;Dia: 27/01/2023;mlN6Lp0elv
Red;6;18:54;Dia: 27/01/2023;M19XD9aPrA
Red;7;18:53;Dia: 27/01/2023;ylLz9yeL1G
Red;6;18:53;Dia: 27/01/2023;G17zD02WrZ
Black;10;18:52;Dia: 27/01/2023;9rKbLAP0l6
Black;13;18:52;Dia: 27/01/2023;XlO50Y831O
Black;12;18:51;Dia: 27/01/2023;WldVgoNW13
Red;5;18:51;Dia: 27/01/2023;elYn5BAWrL
Red;4;18:50;Dia: 27/01/2023;R1p2VXRRl5
Red;6;18:50;Dia: 27/01/2023;RkbWvoLZlL
White;0;18:49;Dia: 27/01/2023;EryV8wd61j
Red;2;18:49;Dia: 27/01/2023;AlAm69pKlG
Red;7;18:48;Dia: 27/01/2023;mlN6Lp04lv
Red;5;18:48;Dia: 27/01/2023;M19XD9a8rA
Red;6;18:47;Dia: 27/01/2023;ylLz9yeB1G
Black;12;18:47;Dia: 27/01/2023;G17zD023rZ
Black;10;18:46;Dia: 27/01/2023;9rKbLAPpl6
Red;4;18:46;Dia: 27/01/2023;XlO50Y8b1O
Red;3;18:45;Dia: 27/01/2023;WldVgoNX13
Black;14;18:45;Dia: 27/01/2023;elYn5BALrL
Black;9;18:44;Dia: 27/01/2023;R1p2VXRZl5
Red;2;18:44;Dia: 27/01/2023;RkbWvoLVlL
Black;10;18:43;Dia: 27/01/2023;EryV8wdz1j
Red;6;18:43;Dia: 27/01/2023;AlAm69pLlG
Red;3;18:42;Dia: 27/01/2023;plzXnJOb1n
Red;1;18:42;Dia: 27/01/2023;Kl3XDvzYrN
Black;13;18:41;Dia: 27/01/2023;xrMaYbxbrQ
Black;8;18:41;Dia: 27/01/2023;YrJ3y7Ee1K
Red;6;18:40;Dia: 27/01/2023;DlZ4KVyw1j
Red;2;18:40;Dia: 27/01/2023;6rXBwandkO
Black;11;18:39;Dia: 27/01/2023;V16GwRWgkB
White;0;18:39;Dia: 27/01/2023;J1oVQ4aord
Red;2;18:38;Dia: 27/01/2023;Arwdz4p01z
Red;6;18:38;Dia: 27/01/2023;ekj6gn8gk9
Red;2;18:37;Dia: 27/01/2023;O1BRQAYR1K
Black;14;18:37;Dia: 27/01/2023;5rVXmw5NkK
Red;3;18:36;Dia: 27/01/2023;w1Da7bqKkE
Red;1;18:36;Dia: 27/01/2023;J1mvgnKakj
Black;14;18:35;Dia: 27/01/2023;okgV5nyd1y
Red;2;18:35;Dia: 27/01/2023;4lQ7gOZM1n
Black;13;18:34;Dia: 27/01/2023;RlvYno0pkj
Red;7;18:34;Dia: 27/01/2023;LknD0n73r3
Red;3;18:33;Dia: 27/01/2023;2l4GPvbZkn
Black;8;18:33;Dia: 27/01/2023;Kl5aXMpVl9
Red;1;18:32;Dia: 27/01/2023;blRLgKZq1O
Red;6;18:32;Dia: 27/01/2023;V1anzoZWke
Red;1;18:31;Dia: 27/01/2023;8kGbgdGY1Z
Red;7;18:31;Dia: 27/01/2023;8r22XWAzrb
Red;3;18:30;Dia: 27/01/2023;erWE5aZQkX
Black;12;18:30;Dia: 27/01/2023;V1qoX4zdlB
Red;5;18:29;Dia: 27/01/2023;Rl8Xo5OYlK
Red;6;18:29;Dia: 27/01/2023;5k0LJ05OkY
Red;3;18:28;Dia: 27/01/2023;z1xQZwqYkp
Red;1;18:28;Dia: 27/01/2023;V1eKgoZZlo
Red;6;18:27;Dia: 27/01/2023;qlPeodZWrz
Red;6;18:27;Dia: 27/01/2023;dlEaApWNlv
Red;2;18:26;Dia: 27/01/2023;mlN6LpZ4lv
Red;4;18:26;Dia: 27/01/2023;M19XD9K8rA
Red;5;18:25;Dia: 27/01/2023;ylLz9yZB1G
Black;11;18:25;Dia: 27/01/2023;G17zD0d3rZ
Red;6;18:24;Dia: 27/01/2023;9rKbLA4pl6
Red;1;18:24;Dia: 27/01/2023;XlO50YZb1O
Black;11;18:23;Dia: 27/01/2023;WldVgoZX13
Red;1;18:23;Dia: 27/01/2023;elYn5BZLrL
Black;12;18:22;Dia: 27/01/2023;R1p2VX9Zl5
Black;11;18:22;Dia: 27/01/2023;RkbWvoZVlL
White;0;18:21;Dia: 27/01/2023;EryV8wWz1j
Black;12;18:21;Dia: 27/01/2023;AlAm69xLlG
Black;14;18:20;Dia: 27/01/2023;plzXnJ2b1n
White;0;18:20;Dia: 27/01/2023;Kl3XDvyYrN
Black;9;18:19;Dia: 27/01/2023;xrMaYbZbrQ
Red;7;18:19;Dia: 27/01/2023;YrJ3y75e1K
Black;12;18:18;Dia: 27/01/2023;DlZ4KVZw1j
Black;12;18:18;Dia: 27/01/2023;6rXBwaZdkO
Black;12;18:17;Dia: 27/01/2023;V16GwRYgkB
Black;14;18:17;Dia: 27/01/2023;J1oVQ4Lord
Red;1;18:16;Dia: 27/01/2023;Arwdz4801z
White;0;18:16;Dia: 27/01/2023;ekj6gnYgk9
Red;2;18:15;Dia: 27/01/2023;O1BRQA0R1K
Red;3;18:15;Dia: 27/01/2023;5rVXmwZNkK
Red;1;18:14;Dia: 27/01/2023;w1Da7bzKkE
Red;6;18:14;Dia: 27/01/2023;J1mvgnRakj
Red;7;18:13;Dia: 27/01/2023;okgV5n8d1y
Black;11;18:13;Dia: 27/01/2023;4lQ7gO2M1n
Red;3;18:12;Dia: 27/01/2023;RlvYno6pkj
Black;9;18:12;Dia: 27/01/2023;LknD0n53r3
Red;3;18:11;Dia: 27/01/2023;2l4GPvVZkn
Red;2;18:11;Dia: 27/01/2023;Kl5aXMJVl9
Red;1;18:10;Dia: 27/01/2023;blRLgKGq1O
Black;9;18:10;Dia: 27/01/2023;V1anzoNWke
Red;5;18:09;Dia: 27/01/2023;8kGbgd9Y1Z
Red;6;18:09;Dia: 27/01/2023;8r22XWVzrb
Black;9;18:08;Dia: 27/01/2023;erWE5ayQkX
Red;3;18:08;Dia: 27/01/2023;V1qoX4ZdlB
Red;2;18:07;Dia: 27/01/2023;Rl8Xo5VYlK
Black;9;18:07;Dia: 27/01/2023;5k0LJ0MOkY
Black;13;18:06;Dia: 27/01/2023;z1xQZw6Ykp
Black;12;18:06;Dia: 27/01/2023;V1eKgoxZlo
Red;4;18:05;Dia: 27/01/2023;qlPeodWWrz
Red;6;18:05;Dia: 27/01/2023;dlEaAp7Nlv
Red;4;18:04;Dia: 27/01/2023;mlN6Lp84lv
Black;11;18:04;Dia: 27/01/2023;M19XD9V8rA
Red;4;18:03;Dia: 27/01/2023;ylLz9yxB1G
Red;2;18:03;Dia: 27/01/2023;G17zD0V3rZ
Black;11;18:02;Dia: 27/01/2023;9rKbLAepl6
Red;7;18:02;Dia: 27/01/2023;XlO50Yqb1O
White;0;18:01;Dia: 27/01/2023;WldVgoeX13
Red;2;18:01;Dia: 27/01/2023;elYn5BpLrL
Red;4;18:00;Dia: 27/01/2023;R1p2VX6Zl5
Red;5;18:00;Dia: 27/01/2023;RkbWvoEVlL
White;0;17:59;Dia: 27/01/2023;EryV8w6z1j
Red;5;17:59;Dia: 27/01/2023;AlAm69YLlG
White;0;17:58;Dia: 27/01/2023;mlN6Lp8Xlv
Black;11;17:58;Dia: 27/01/2023;M19XD9VerA
Black;9;17:57;Dia: 27/01/2023;ylLz9yxy1G
Black;8;17:57;Dia: 27/01/2023;G17zD0VArZ
Black;11;17:56;Dia: 27/01/2023;9rKbLAeal6
White;0;17:56;Dia: 27/01/2023;XlO50Yq91O
White;0;17:55;Dia: 27/01/2023;WldVgoe813
Black;11;17:55;Dia: 27/01/2023;elYn5BpwrL
Black;8;17:54;Dia: 27/01/2023;R1p2VX6ml5
Red;6;17:54;Dia: 27/01/2023;RkbWvoEvlL
Black;13;17:53;Dia: 27/01/2023;EryV8w6V1j
Black;11;17:53;Dia: 27/01/2023;AlAm69Y5lG
Red;7;17:52;Dia: 27/01/2023;plzXnJ0g1n
White;0;17:52;Dia: 27/01/2023;Kl3XDvBOrN
Red;2;17:51;Dia: 27/01/2023;xrMaYbW2rQ
Red;7;17:51;Dia: 27/01/2023;YrJ3y70M1K
Black;10;17:50;Dia: 27/01/2023;DlZ4KVze1j
Red;1;17:50;Dia: 27/01/2023;6rXBwaO3kO
Black;8;17:49;Dia: 27/01/2023;V16GwRoZkB
Red;4;17:49;Dia: 27/01/2023;J1oVQ4dqrd
Red;5;17:48;Dia: 27/01/2023;Arwdz4P21z
Red;6;17:48;Dia: 27/01/2023;ekj6gnAQk9
Black;13;17:47;Dia: 27/01/2023;O1BRQA7V1K
Black;14;17:47;Dia: 27/01/2023;5rVXmwYqkK
Black;13;17:46;Dia: 27/01/2023;w1Da7b9LkE
Black;9;17:46;Dia: 27/01/2023;J1mvgnzykj
Black;14;17:45;Dia: 27/01/2023;okgV5nGa1y
Black;11;17:45;Dia: 27/01/2023;4lQ7gORN1n
Red;1;17:44;Dia: 27/01/2023;RlvYnoEbkj
Red;7;17:44;Dia: 27/01/2023;LknD0nY7r3
Black;9;17:43;Dia: 27/01/2023;2l4GPvBVkn
Black;8;17:43;Dia: 27/01/2023;Kl5aXMBBl9
Red;4;17:42;Dia: 27/01/2023;blRLgKAo1O
Black;11;17:42;Dia: 27/01/2023;V1anzox6ke
Black;10;17:41;Dia: 27/01/2023;8kGbgdzB1Z
Red;2;17:41;Dia: 27/01/2023;8r22XWJ3rb
Red;7;17:40;Dia: 27/01/2023;erWE5adxkX
Red;3;17:40;Dia: 27/01/2023;V1qoX4KAlB
White;0;17:39;Dia: 27/01/2023;Rl8Xo5B6lK
Red;4;17:39;Dia: 27/01/2023;5k0LJ0BmkY
White;0;17:38;Dia: 27/01/2023;z1xQZweWkp
Black;9;17:38;Dia: 27/01/2023;V1eKgoWwlo
Black;14;17:37;Dia: 27/01/2023;qlPeoda5rz
Red;3;17:37;Dia: 27/01/2023;dlEaApN6lv
Red;5;17:36;Dia: 27/01/2023;mlN6Lp2Xlv
Red;5;17:36;Dia: 27/01/2023;M19XD9BerA
Black;11;17:35;Dia: 27/01/2023;ylLz9yqy1G
Red;1;17:35;Dia: 27/01/2023;G17zD0BArZ
Red;5;17:34;Dia: 27/01/2023;9rKbLA8al6
Red;7;17:34;Dia: 27/01/2023;XlO50YG91O
Red;4;17:33;Dia: 27/01/2023;WldVgoq813
Black;10;17:33;Dia: 27/01/2023;elYn5BKwrL
Black;13;17:32;Dia: 27/01/2023;R1p2VXOml5
Black;9;17:32;Dia: 27/01/2023;RkbWvo0vlL
Black;11;17:31;Dia: 27/01/2023;EryV8wxV1j
Black;14;17:31;Dia: 27/01/2023;AlAm69K5lG
Red;2;17:30;Dia: 27/01/2023;plzXnJxg1n
Red;2;17:30;Dia: 27/01/2023;Kl3XDvPOrN
Black;8;17:29;Dia: 27/01/2023;xrMaYbm2rQ
White;0;17:29;Dia: 27/01/2023;YrJ3y7XM1K
Red;4;17:28;Dia: 27/01/2023;DlZ4KVOe1j
Red;7;17:28;Dia: 27/01/2023;6rXBwaz3kO
White;0;17:27;Dia: 27/01/2023;V16GwR0ZkB
Black;11;17:27;Dia: 27/01/2023;J1oVQ4Yqrd
Red;1;17:26;Dia: 27/01/2023;Arwdz4E21z
Black;14;17:26;Dia: 27/01/2023;ekj6gnaQk9
White;0;17:25;Dia: 27/01/2023;O1BRQA4V1K
Red;1;17:25;Dia: 27/01/2023;5rVXmwbqkK
Red;1;17:24;Dia: 27/01/2023;w1Da7b4LkE
Red;7;17:24;Dia: 27/01/2023;J1mvgnbykj
Red;5;17:23;Dia: 27/01/2023;okgV5nWa1y
Red;1;17:23;Dia: 27/01/2023;4lQ7gO4N1n
Red;6;17:22;Dia: 27/01/2023;RlvYnoNbkj
Red;2;17:22;Dia: 27/01/2023;LknD0np7r3
Black;9;17:21;Dia: 27/01/2023;2l4GPveVkn
Red;4;17:21;Dia: 27/01/2023;Kl5aXMxBl9
White;0;17:20;Dia: 27/01/2023;blRLgKoo1O
Red;2;17:20;Dia: 27/01/2023;V1anzoP6ke
Red;3;17:19;Dia: 27/01/2023;8kGbgd4B1Z
Black;14;17:19;Dia: 27/01/2023;8r22XWE3rb
Black;12;17:18;Dia: 27/01/2023;erWE5apxkX
Black;12;17:18;Dia: 27/01/2023;V1qoX4OAlB
Black;8;17:17;Dia: 27/01/2023;Rl8Xo5q6lK
Red;4;17:17;Dia: 27/01/2023;5k0LJ0zmkY
Red;6;17:16;Dia: 27/01/2023;z1xQZwPWkp
Black;9;17:16;Dia: 27/01/2023;V1eKgo8wlo
Black;11;17:15;Dia: 27/01/2023;qlPeod45rz
Black;10;17:15;Dia: 27/01/2023;dlEaApj6lv
Red;4;17:14;Dia: 27/01/2023;mlN6Lp4Xlv
Red;6;17:14;Dia: 27/01/2023;M19XD9WerA
Black;11;17:13;Dia: 27/01/2023;ylLz9y4y1G
Red;2;17:13;Dia: 27/01/2023;G17zD08ArZ
Black;11;17:12;Dia: 27/01/2023;9rKbLAZal6
Red;6;17:12;Dia: 27/01/2023;XlO50Y491O
Red;3;17:11;Dia: 27/01/2023;WldVgo0813
Black;14;17:11;Dia: 27/01/2023;elYn5BdwrL
Black;9;17:10;Dia: 27/01/2023;R1p2VXdml5
Black;13;17:10;Dia: 27/01/2023;RkbWvoevlL
Red;5;17:09;Dia: 27/01/2023;EryV8weV1j
Black;9;17:09;Dia: 27/01/2023;AlAm6945lG
Red;5;17:08;Dia: 27/01/2023;mlN6Lpzvlv
Black;14;17:08;Dia: 27/01/2023;M19XD98ErA
Red;2;17:07;Dia: 27/01/2023;ylLz9yXW1G
Black;14;17:07;Dia: 27/01/2023;G17zD0xXrZ
Red;6;17:06;Dia: 27/01/2023;9rKbLA3Xl6
Red;6;17:06;Dia: 27/01/2023;XlO50Yzm1O
Red;5;17:05;Dia: 27/01/2023;WldVgoRn13
Black;13;17:05;Dia: 27/01/2023;elYn5BRJrL
Red;4;17:04;Dia: 27/01/2023;R1p2VX5Pl5
Red;1;17:04;Dia: 27/01/2023;RkbWvoR2lL
Red;7;17:03;Dia: 27/01/2023;EryV8wJG1j
Black;11;17:03;Dia: 27/01/2023;AlAm69vglG
Black;12;17:02;Dia: 27/01/2023;plzXnJQy1n
White;0;17:02;Dia: 27/01/2023;Kl3XDvNprN
Black;10;17:01;Dia: 27/01/2023;xrMaYbvzrQ
Black;9;17:01;Dia: 27/01/2023;YrJ3y7vY1K
Black;14;17:00;Dia: 27/01/2023;DlZ4KVoy1j
Black;14;17:00;Dia: 27/01/2023;6rXBwaRZkO
Black;10;16:59;Dia: 27/01/2023;V16GwReVkB
Red;3;16:59;Dia: 27/01/2023;J1oVQ4Xdrd
Red;2;16:58;Dia: 27/01/2023;Arwdz45E1z
Red;6;16:58;Dia: 27/01/2023;ekj6gn55k9
Red;3;16:57;Dia: 27/01/2023;O1BRQAv21K
Black;8;16:57;Dia: 27/01/2023;5rVXmwRykK
Black;9;16:56;Dia: 27/01/2023;w1Da7bvxkE
Red;1;16:56;Dia: 27/01/2023;J1mvgn5ekj
White;0;16:55;Dia: 27/01/2023;okgV5nRX1y
Black;10;16:55;Dia: 27/01/2023;4lQ7gOvy1n
Black;13;16:54;Dia: 27/01/2023;RlvYno5wkj
Black;11;16:54;Dia: 27/01/2023;LknD0n4wr3
Black;12;16:53;Dia: 27/01/2023;2l4GPvEykn
Red;4;16:53;Dia: 27/01/2023;Kl5aXMPjl9
Red;7;16:52;Dia: 27/01/2023;blRLgKvn1O
White;0;16:52;Dia: 27/01/2023;V1anzo6Mke
Red;4;16:51;Dia: 27/01/2023;8kGbgd6d1Z
Black;13;16:51;Dia: 27/01/2023;8r22XW9Drb
Red;3;16:50;Dia: 27/01/2023;erWE5awekX
Red;1;16:50;Dia: 27/01/2023;V1qoX4valB
Red;2;16:49;Dia: 27/01/2023;Rl8Xo50glK
Black;11;16:49;Dia: 27/01/2023;5k0LJ07GkY
Red;2;16:48;Dia: 27/01/2023;z1xQZw5Okp
Red;1;16:48;Dia: 27/01/2023;V1eKgozglo
Red;3;16:47;Dia: 27/01/2023;qlPeodverz
Black;10;16:47;Dia: 27/01/2023;dlEaApQRlv
Black;8;16:46;Dia: 27/01/2023;mlN6Lp3vlv
Black;8;16:46;Dia: 27/01/2023;M19XD9NErA
Black;13;16:45;Dia: 27/01/2023;ylLz9yBW1G
Black;12;16:45;Dia: 27/01/2023;G17zD0LXrZ
Red;5;16:44;Dia: 27/01/2023;9rKbLABXl6
Black;11;16:44;Dia: 27/01/2023;XlO50YBm1O
Red;5;16:43;Dia: 27/01/2023;WldVgoEn13
Black;8;16:43;Dia: 27/01/2023;elYn5ByJrL
Black;14;16:42;Dia: 27/01/2023;R1p2VXpPl5
Black;8;16:42;Dia: 27/01/2023;RkbWvo92lL
Black;11;16:41;Dia: 27/01/2023;EryV8wEG1j
Black;9;16:41;Dia: 27/01/2023;AlAm69WglG
Red;7;16:40;Dia: 27/01/2023;plzXnJPy1n
Red;3;16:40;Dia: 27/01/2023;Kl3XDvdprN
Black;14;16:39;Dia: 27/01/2023;xrMaYbjzrQ
Black;12;16:39;Dia: 27/01/2023;YrJ3y7BY1K
Red;2;16:38;Dia: 27/01/2023;DlZ4KVby1j
White;0;16:38;Dia: 27/01/2023;6rXBwaAZkO
Red;2;16:37;Dia: 27/01/2023;V16GwR7VkB
Red;7;16:37;Dia: 27/01/2023;J1oVQ4bdrd
Black;11;16:36;Dia: 27/01/2023;Arwdz49E1z
Red;2;16:36;Dia: 27/01/2023;ekj6gnq5k9
Red;5;16:35;Dia: 27/01/2023;O1BRQA221K
Black;9;16:35;Dia: 27/01/2023;5rVXmwBykK
Red;2;16:34;Dia: 27/01/2023;w1Da7bBxkE
Black;10;16:34;Dia: 27/01/2023;J1mvgnAekj
Red;4;16:33;Dia: 27/01/2023;okgV5nxX1y
Black;13;16:33;Dia: 27/01/2023;4lQ7gOzy1n
Black;13;16:32;Dia: 27/01/2023;RlvYnoLwkj
Black;10;16:32;Dia: 27/01/2023;LknD0nywr3
Black;12;16:31;Dia: 27/01/2023;2l4GPvOykn
Black;14;16:31;Dia: 27/01/2023;Kl5aXMKjl9
Red;5;16:30;Dia: 27/01/2023;blRLgKXn1O
Black;12;16:30;Dia: 27/01/2023;V1anzoLMke
Black;9;16:29;Dia: 27/01/2023;8kGbgdBd1Z
Black;9;16:29;Dia: 27/01/2023;8r22XWYDrb
Black;14;16:28;Dia: 27/01/2023;erWE5aBekX
Black;13;16:28;Dia: 27/01/2023;V1qoX4YalB
Red;4;16:27;Dia: 27/01/2023;Rl8Xo59glK
Red;3;16:27;Dia: 27/01/2023;5k0LJ0bGkY
Black;13;16:26;Dia: 27/01/2023;z1xQZwNOkp
Black;12;16:26;Dia: 27/01/2023;V1eKgoPglo
Red;4;16:25;Dia: 27/01/2023;qlPeodBerz
Red;6;16:25;Dia: 27/01/2023;dlEaApBRlv
Red;5;16:24;Dia: 27/01/2023;mlN6LpPvlv
Red;4;16:24;Dia: 27/01/2023;M19XD93ErA
Red;6;16:23;Dia: 27/01/2023;ylLz9yNW1G
Red;1;16:23;Dia: 27/01/2023;G17zD03XrZ
Red;2;16:22;Dia: 27/01/2023;9rKbLA9Xl6
Red;1;16:22;Dia: 27/01/2023;XlO50Yem1O
Black;13;16:21;Dia: 27/01/2023;WldVgoxn13
Black;14;16:21;Dia: 27/01/2023;elYn5BYJrL
Black;11;16:20;Dia: 27/01/2023;R1p2VXKPl5
Red;1;16:20;Dia: 27/01/2023;RkbWvoP2lL
Red;2;16:19;Dia: 27/01/2023;EryV8w0G1j
Red;1;16:19;Dia: 27/01/2023;AlAm69AglG
Black;10;16:18;Dia: 27/01/2023;mlN6LpPWlv
Red;3;16:18;Dia: 27/01/2023;M19XD93LrA
Black;11;16:17;Dia: 27/01/2023;ylLz9yN51G
Black;11;16:17;Dia: 27/01/2023;G17zD03PrZ
Red;5;16:16;Dia: 27/01/2023;9rKbLA9Pl6
Red;7;16:16;Dia: 27/01/2023;XlO50YeZ1O
Black;11;16:15;Dia: 27/01/2023;WldVgoxe13
Black;12;16:15;Dia: 27/01/2023;elYn5BYKrL
Black;8;16:14;Dia: 27/01/2023;R1p2VXKdl5
Red;6;16:14;Dia: 27/01/2023;RkbWvoPRlL
Black;11;16:13;Dia: 27/01/2023;EryV8w0E1j
Black;8;16:13;Dia: 27/01/2023;AlAm69AAlG
Red;2;16:12;Dia: 27/01/2023;plzXnJ8o1n
Black;10;16:12;Dia: 27/01/2023;Kl3XDv39rN
Black;12;16:11;Dia: 27/01/2023;xrMaYbEXrQ
Black;12;16:11;Dia: 27/01/2023;YrJ3y7Lw1K
Black;11;16:10;Dia: 27/01/2023;DlZ4KVd61j
Red;7;16:10;Dia: 27/01/2023;6rXBwapVkO
Black;12;16:09;Dia: 27/01/2023;V16GwR3pkB
Black;9;16:09;Dia: 27/01/2023;J1oVQ4O8rd
White;0;16:08;Dia: 27/01/2023;Arwdz4eQ1z
Red;6;16:08;Dia: 27/01/2023;ekj6gnyzk9
Black;10;16:07;Dia: 27/01/2023;O1BRQAyA1K
Red;1;16:07;Dia: 27/01/2023;5rVXmwyKkK
Red;6;16:06;Dia: 27/01/2023;w1Da7bpPkE
Red;1;16:06;Dia: 27/01/2023;J1mvgnYxkj
Red;4;16:05;Dia: 27/01/2023;okgV5nqL1y
Red;1;16:05;Dia: 27/01/2023;4lQ7gO061n
Black;12;16:04;Dia: 27/01/2023;RlvYnoPakj
Red;3;16:04;Dia: 27/01/2023;LknD0nz0r3
Black;10;16:03;Dia: 27/01/2023;2l4GPv3Gkn
Red;7;16:03;Dia: 27/01/2023;Kl5aXM3vl9
Black;9;16:02;Dia: 27/01/2023;blRLgK9w1O
Black;13;16:02;Dia: 27/01/2023;V1anzoO9ke
White;0;16:01;Dia: 27/01/2023;8kGbgdqe1Z
Black;13;16:01;Dia: 27/01/2023;8r22XW5Brb
Red;7;16:00;Dia: 27/01/2023;erWE5axNkX
Red;7;16:00;Dia: 27/01/2023;V1qoX4g3lB
Red;2;15:59;Dia: 27/01/2023;Rl8Xo5pMlK
Black;9;15:59;Dia: 27/01/2023;5k0LJ0nvkY
Black;9;15:58;Dia: 27/01/2023;z1xQZwgGkp
Red;7;15:58;Dia: 27/01/2023;V1eKgo9Rlo
Red;3;15:57;Dia: 27/01/2023;qlPeod7Prz
Black;14;15:57;Dia: 27/01/2023;dlEaAp0ylv
Black;14;15:56;Dia: 27/01/2023;mlN6LpOWlv
Black;12;15:56;Dia: 27/01/2023;M19XD9YLrA
Black;10;15:55;Dia: 27/01/2023;ylLz9yY51G
Black;10;15:55;Dia: 27/01/2023;G17zD0bPrZ
Red;1;15:54;Dia: 27/01/2023;9rKbLApPl6
Red;3;15:54;Dia: 27/01/2023;XlO50YKZ1O
White;0;15:53;Dia: 27/01/2023;WldVgoLe13
Black;14;15:53;Dia: 27/01/2023;elYn5B8KrL
Red;5;15:52;Dia: 27/01/2023;R1p2VXgdl5
Black;13;15:52;Dia: 27/01/2023;RkbWvoKRlL
Red;1;15:51;Dia: 27/01/2023;EryV8wgE1j
Red;6;15:51;Dia: 27/01/2023;AlAm69EAlG
Red;2;15:50;Dia: 27/01/2023;plzXnJoo1n
Black;13;15:50;Dia: 27/01/2023;Kl3XDv59rN
White;0;15:49;Dia: 27/01/2023;xrMaYbdXrQ
Red;4;15:49;Dia: 27/01/2023;YrJ3y7bw1K
Black;13;15:48;Dia: 27/01/2023;DlZ4KVq61j
Red;5;15:48;Dia: 27/01/2023;6rXBwa0VkO
Black;8;15:47;Dia: 27/01/2023;V16GwRypkB
Black;14;15:47;Dia: 27/01/2023;J1oVQ4g8rd
Red;2;15:46;Dia: 27/01/2023;Arwdz4DQ1z
Red;5;15:46;Dia: 27/01/2023;ekj6gnxzk9
Black;10;15:45;Dia: 27/01/2023;O1BRQAPA1K
Black;14;15:45;Dia: 27/01/2023;5rVXmweKkK
Black;9;15:44;Dia: 27/01/2023;w1Da7bxPkE
Black;14;15:44;Dia: 27/01/2023;J1mvgnqxkj
Black;8;15:43;Dia: 27/01/2023;okgV5nEL1y
Black;9;15:43;Dia: 27/01/2023;4lQ7gOL61n
Red;7;15:42;Dia: 27/01/2023;RlvYnogakj
Black;10;15:42;Dia: 27/01/2023;LknD0ng0r3
Red;2;15:41;Dia: 27/01/2023;2l4GPvMGkn
Black;8;15:41;Dia: 27/01/2023;Kl5aXMAvl9
Black;14;15:40;Dia: 27/01/2023;blRLgKdw1O
Red;3;15:40;Dia: 27/01/2023;V1anzob9ke
Red;5;15:39;Dia: 27/01/2023;8kGbgdDe1Z
Black;11;15:39;Dia: 27/01/2023;8r22XWLBrb
Black;13;15:38;Dia: 27/01/2023;erWE5a9NkX
Red;5;15:38;Dia: 27/01/2023;V1qoX4A3lB
Red;7;15:37;Dia: 27/01/2023;Rl8Xo5xMlK
Red;5;15:37;Dia: 27/01/2023;5k0LJ0KvkY
Red;1;15:36;Dia: 27/01/2023;z1xQZwKGkp
Black;12;15:36;Dia: 27/01/2023;V1eKgoORlo
Red;2;15:35;Dia: 27/01/2023;qlPeodpPrz
Red;2;15:35;Dia: 27/01/2023;dlEaApDylv
Black;10;15:34;Dia: 27/01/2023;mlN6LpyWlv
Black;11;15:34;Dia: 27/01/2023;M19XD90LrA
Black;10;15:33;Dia: 27/01/2023;ylLz9y351G
Red;3;15:33;Dia: 27/01/2023;G17zD0ePrZ
Red;3;15:32;Dia: 27/01/2023;9rKbLAjPl6
Red;6;15:32;Dia: 27/01/2023;XlO50YbZ1O
Red;6;15:31;Dia: 27/01/2023;WldVgode13
Black;11;15:31;Dia: 27/01/2023;elYn5BEKrL
Black;12;15:30;Dia: 27/01/2023;R1p2VX8dl5
Black;10;15:30;Dia: 27/01/2023;RkbWvopRlL
Red;3;15:29;Dia: 27/01/2023;EryV8w7E1j
Red;2;15:29;Dia: 27/01/2023;AlAm69BAlG
Black;8;15:28;Dia: 27/01/2023;mlN6LpyOlv
Black;10;15:28;Dia: 27/01/2023;M19XD900rA
Red;3;15:27;Dia: 27/01/2023;ylLz9y3m1G
Red;1;15:27;Dia: 27/01/2023;G17zD0emrZ
Black;10;15:26;Dia: 27/01/2023;9rKbLAj2l6
Red;3;15:26;Dia: 27/01/2023;XlO50Yb71O
Red;6;15:25;Dia: 27/01/2023;WldVgodD13
Black;14;15:25;Dia: 27/01/2023;elYn5BE6rL
Black;10;15:24;Dia: 27/01/2023;R1p2VX8Gl5
Black;12;15:24;Dia: 27/01/2023;RkbWvopJlL
Black;13;15:23;Dia: 27/01/2023;EryV8w7w1j
Black;13;15:23;Dia: 27/01/2023;AlAm69BblG
Black;12;15:22;Dia: 27/01/2023;plzXnJLm1n
Red;2;15:22;Dia: 27/01/2023;Kl3XDv9MrN
Black;9;15:21;Dia: 27/01/2023;xrMaYbA8rQ
Red;2;15:21;Dia: 27/01/2023;YrJ3y7DZ1K
Red;6;15:20;Dia: 27/01/2023;DlZ4KVPg1j
Red;3;15:20;Dia: 27/01/2023;6rXBwaNwkO
Red;2;15:19;Dia: 27/01/2023;V16GwRPGkB
Red;7;15:19;Dia: 27/01/2023;J1oVQ40mrd
Black;12;15:18;Dia: 27/01/2023;Arwdz4xR1z
Black;11;15:18;Dia: 27/01/2023;ekj6gnbWk9
Black;9;15:17;Dia: 27/01/2023;O1BRQAWL1K
Red;5;15:17;Dia: 27/01/2023;5rVXmwQ3kK
Black;14;15:16;Dia: 27/01/2023;w1Da7bXDkE
Black;12;15:16;Dia: 27/01/2023;J1mvgnd3kj
Red;2;15:15;Dia: 27/01/2023;okgV5nXg1y
Red;6;15:15;Dia: 27/01/2023;4lQ7gOQJ1n
Red;5;15:14;Dia: 27/01/2023;RlvYnoeWkj
Black;13;15:14;Dia: 27/01/2023;LknD0nOVr3
Red;1;15:13;Dia: 27/01/2023;2l4GPv4zkn
Red;7;15:13;Dia: 27/01/2023;Kl5aXMw8l9
Black;9;15:12;Dia: 27/01/2023;blRLgKQR1O
Red;2;15:12;Dia: 27/01/2023;V1anzoXjke
Red;3;15:11;Dia: 27/01/2023;8kGbgdQW1Z
Red;5;15:11;Dia: 27/01/2023;8r22XW47rb
Red;2;15:10;Dia: 27/01/2023;erWE5aX4kX
Red;4;15:10;Dia: 27/01/2023;V1qoX4LzlB
Red;2;15:09;Dia: 27/01/2023;Rl8Xo56VlK
Black;9;15:09;Dia: 27/01/2023;5k0LJ0gBkY
Black;12;15:08;Dia: 27/01/2023;z1xQZw0Pkp
Black;12;15:08;Dia: 27/01/2023;V1eKgoXzlo
White;0;15:07;Dia: 27/01/2023;qlPeodgBrz
Red;5;15:07;Dia: 27/01/2023;dlEaApnYlv
Red;3;15:06;Dia: 27/01/2023;mlN6LpQOlv
Black;11;15:06;Dia: 27/01/2023;M19XD950rA
Black;14;15:05;Dia: 27/01/2023;ylLz9ymm1G
Black;12;15:05;Dia: 27/01/2023;G17zD04mrZ
Black;9;15:04;Dia: 27/01/2023;9rKbLAQ2l6
Black;8;15:04;Dia: 27/01/2023;XlO50YQ71O
Red;6;15:03;Dia: 27/01/2023;WldVgoXD13
White;0;15:03;Dia: 27/01/2023;elYn5BX6rL
Red;5;15:02;Dia: 27/01/2023;R1p2VX7Gl5
Black;12;15:02;Dia: 27/01/2023;RkbWvoXJlL
Black;12;15:01;Dia: 27/01/2023;EryV8wDw1j
Black;14;15:01;Dia: 27/01/2023;AlAm69jblG
Black;13;15:00;Dia: 27/01/2023;plzXnJDm1n
Black;9;15:00;Dia: 27/01/2023;Kl3XDv4MrN
Black;12;14:59;Dia: 27/01/2023;xrMaYbX8rQ
Black;10;14:59;Dia: 27/01/2023;YrJ3y7QZ1K
Black;13;14:58;Dia: 27/01/2023;DlZ4KVXg1j
Black;10;14:58;Dia: 27/01/2023;6rXBwaXwkO
Black;13;14:57;Dia: 27/01/2023;V16GwRvGkB
Black;12;14:57;Dia: 27/01/2023;J1oVQ4zmrd
Red;6;14:56;Dia: 27/01/2023;Arwdz4jR1z
Red;2;14:56;Dia: 27/01/2023;ekj6gn9Wk9
Black;8;14:55;Dia: 27/01/2023;O1BRQAwL1K
Red;4;14:55;Dia: 27/01/2023;5rVXmwO3kK
Black;13;14:54;Dia: 27/01/2023;w1Da7bwDkE
Black;12;14:54;Dia: 27/01/2023;J1mvgnP3kj
Red;6;14:53;Dia: 27/01/2023;okgV5nKg1y
Red;7;14:53;Dia: 27/01/2023;4lQ7gOyJ1n
Black;11;14:52;Dia: 27/01/2023;RlvYnojWkj
Black;9;14:52;Dia: 27/01/2023;LknD0neVr3
Red;6;14:51;Dia: 27/01/2023;2l4GPvmzkn
Red;1;14:51;Dia: 27/01/2023;Kl5aXMm8l9
Black;11;14:50;Dia: 27/01/2023;blRLgKbR1O
Red;5;14:50;Dia: 27/01/2023;V1anzoyjke
Red;6;14:49;Dia: 27/01/2023;8kGbgdwW1Z
Black;13;14:49;Dia: 27/01/2023;8r22XWm7rb
Red;5;14:48;Dia: 27/01/2023;erWE5aK4kX
Black;12;14:48;Dia: 27/01/2023;V1qoX4jzlB
Black;13;14:47;Dia: 27/01/2023;Rl8Xo5mVlK
Red;3;14:47;Dia: 27/01/2023;5k0LJ0mBkY
Black;14;14:46;Dia: 27/01/2023;z1xQZwjPkp
Black;8;14:46;Dia: 27/01/2023;V1eKgodzlo
White;0;14:45;Dia: 27/01/2023;qlPeodABrz
Black;11;14:45;Dia: 27/01/2023;dlEaApwYlv
Red;1;14:44;Dia: 27/01/2023;mlN6LpwOlv
Red;2;14:44;Dia: 27/01/2023;M19XD9m0rA
Red;5;14:43;Dia: 27/01/2023;ylLz9ywm1G
Red;5;14:43;Dia: 27/01/2023;G17zD0mmrZ
Red;6;14:42;Dia: 27/01/2023;9rKbLAw2l6
Red;7;14:42;Dia: 27/01/2023;XlO50Yw71O
Red;6;14:41;Dia: 27/01/2023;WldVgoYD13
Black;13;14:41;Dia: 27/01/2023;elYn5BL6rL
Black;11;14:40;Dia: 27/01/2023;R1p2VXjGl5
Red;7;14:40;Dia: 27/01/2023;RkbWvobJlL
Black;11;14:39;Dia: 27/01/2023;EryV8wXw1j
Black;10;14:39;Dia: 27/01/2023;AlAm69wblG
Red;4;14:38;Dia: 27/01/2023;mlN6Lpwmlv
White;0;14:38;Dia: 27/01/2023;M19XD9mvrA
Red;2;14:37;Dia: 27/01/2023;ylLz9ywo1G
Black;12;14:37;Dia: 27/01/2023;G17zD0m6rZ
Black;9;14:36;Dia: 27/01/2023;9rKbLAwOl6
Black;10;14:36;Dia: 27/01/2023;XlO50Yw01O
Red;7;14:35;Dia: 27/01/2023;WldVgoYV13
Red;1;14:35;Dia: 27/01/2023;elYn5BLorL
Black;9;14:34;Dia: 27/01/2023;R1p2VXZLl5
Black;12;14:34;Dia: 27/01/2023;RkbWvoqNlL
Red;1;14:33;Dia: 27/01/2023;EryV8wnR1j
Black;9;14:33;Dia: 27/01/2023;AlAm693MlG
Black;11;14:32;Dia: 27/01/2023;plzXnJWK1n
Black;14;14:32;Dia: 27/01/2023;Kl3XDvnbrN
Black;13;14:31;Dia: 27/01/2023;xrMaYboprQ
Black;10;14:31;Dia: 27/01/2023;YrJ3y72J1K
White;0;14:30;Dia: 27/01/2023;DlZ4KV6n1j
Red;1;14:30;Dia: 27/01/2023;6rXBwaW9kO
Black;8;14:29;Dia: 27/01/2023;V16GwRD2kB
Red;6;14:29;Dia: 27/01/2023;J1oVQ4Wjrd
Red;3;14:28;Dia: 27/01/2023;Arwdz4Xg1z
Black;9;14:28;Dia: 27/01/2023;ekj6gnGjk9
Red;1;14:27;Dia: 27/01/2023;O1BRQA3e1K
Red;4;14:27;Dia: 27/01/2023;5rVXmw80kK
Red;6;14:26;Dia: 27/01/2023;w1Da7bmOkE
Red;4;14:26;Dia: 27/01/2023;J1mvgnjKkj
Red;1;14:25;Dia: 27/01/2023;okgV5n281y
Red;3;14:25;Dia: 27/01/2023;4lQ7gO3R1n
Red;4;14:24;Dia: 27/01/2023;RlvYnowNkj
Black;14;14:24;Dia: 27/01/2023;LknD0nW4r3
Black;13;14:23;Dia: 27/01/2023;2l4GPvnOkn
Black;10;14:23;Dia: 27/01/2023;Kl5aXMn3l9
Red;1;14:22;Dia: 27/01/2023;blRLgK091O
Black;10;14:22;Dia: 27/01/2023;V1anzoqbke
Red;7;14:21;Dia: 27/01/2023;8kGbgd2Q1Z
Red;3;14:21;Dia: 27/01/2023;8r22XWnmrb
Red;1;14:20;Dia: 27/01/2023;erWE5a00kX
Black;11;14:20;Dia: 27/01/2023;V1qoX4WqlB
Red;1;14:19;Dia: 27/01/2023;Rl8Xo5zdlK
Red;7;14:19;Dia: 27/01/2023;5k0LJ0ojkY
Black;10;14:18;Dia: 27/01/2023;z1xQZwWAkp
Red;6;14:18;Dia: 27/01/2023;V1eKgoqJlo
Black;12;14:17;Dia: 27/01/2023;qlPeod3drz
Black;13;14:17;Dia: 27/01/2023;dlEaApXOlv
Black;9;14:16;Dia: 27/01/2023;mlN6Lp5mlv
Black;11;14:16;Dia: 27/01/2023;M19XD9nvrA
Black;12;14:15;Dia: 27/01/2023;ylLz9y2o1G
Red;7;14:15;Dia: 27/01/2023;G17zD0w6rZ
Black;12;14:14;Dia: 27/01/2023;9rKbLA2Ol6
Red;7;14:14;Dia: 27/01/2023;XlO50YD01O
Red;2;14:13;Dia: 27/01/2023;WldVgo6V13
Red;1;14:13;Dia: 27/01/2023;elYn5B0orL
Red;6;14:12;Dia: 27/01/2023;R1p2VXwLl5
Black;10;14:12;Dia: 27/01/2023;RkbWvoVNlL
Red;7;14:11;Dia: 27/01/2023;EryV8wqR1j
Red;6;14:11;Dia: 27/01/2023;AlAm69oMlG
Red;4;14:10;Dia: 27/01/2023;plzXnJqK1n
Red;5;14:10;Dia: 27/01/2023;Kl3XDv7brN
Black;8;14:09;Dia: 27/01/2023;xrMaYbOprQ
Red;2;14:09;Dia: 27/01/2023;YrJ3y7pJ1K
Red;7;14:08;Dia: 27/01/2023;DlZ4KVQn1j
Red;6;14:08;Dia: 27/01/2023;6rXBwaV9kO
Red;7;14:07;Dia: 27/01/2023;V16GwRN2kB
Black;13;14:07;Dia: 27/01/2023;J1oVQ4Zjrd
Black;14;14:06;Dia: 27/01/2023;Arwdz4qg1z
Red;6;14:06;Dia: 27/01/2023;ekj6gnwjk9
Black;8;14:05;Dia: 27/01/2023;O1BRQAoe1K
Red;7;14:05;Dia: 27/01/2023;5rVXmw20kK
Red;4;14:04;Dia: 27/01/2023;w1Da7boOkE
Black;11;14:04;Dia: 27/01/2023;J1mvgn6Kkj
Red;1;14:03;Dia: 27/01/2023;okgV5nw81y
Black;8;14:03;Dia: 27/01/2023;4lQ7gO9R1n
Red;2;14:02;Dia: 27/01/2023;RlvYnoVNkj
Red;7;14:02;Dia: 27/01/2023;LknD0nw4r3
Red;7;14:01;Dia: 27/01/2023;2l4GPvLOkn
Red;2;14:01;Dia: 27/01/2023;Kl5aXM93l9
Black;14;14:00;Dia: 27/01/2023;blRLgKN91O
Black;13;14:00;Dia: 27/01/2023;V1anzo2bke
Black;9;13:59;Dia: 27/01/2023;8kGbgdAQ1Z
Black;12;13:59;Dia: 27/01/2023;8r22XWKmrb
Black;10;13:58;Dia: 27/01/2023;erWE5aG0kX
Red;5;13:58;Dia: 27/01/2023;V1qoX4qqlB
Black;13;13:57;Dia: 27/01/2023;Rl8Xo5PdlK
White;0;13:57;Dia: 27/01/2023;5k0LJ0djkY
Black;11;13:56;Dia: 27/01/2023;z1xQZwnAkp
Black;14;13:56;Dia: 27/01/2023;V1eKgowJlo
Black;9;13:55;Dia: 27/01/2023;qlPeodLdrz
Red;4;13:55;Dia: 27/01/2023;dlEaApoOlv
Red;1;13:54;Dia: 27/01/2023;mlN6LpKmlv
Black;11;13:54;Dia: 27/01/2023;M19XD9ovrA
Red;5;13:53;Dia: 27/01/2023;ylLz9ydo1G
Black;8;13:53;Dia: 27/01/2023;G17zD0E6rZ
Black;10;13:52;Dia: 27/01/2023;9rKbLAYOl6
Red;6;13:52;Dia: 27/01/2023;XlO50Y701O
Red;6;13:51;Dia: 27/01/2023;WldVgowV13
Red;4;13:51;Dia: 27/01/2023;elYn5B2orL
Red;5;13:50;Dia: 27/01/2023;R1p2VXzLl5
Black;9;13:50;Dia: 27/01/2023;RkbWvoBNlL
Red;7;13:49;Dia: 27/01/2023;EryV8wzR1j
Red;3;13:49;Dia: 27/01/2023;AlAm69XMlG
Black;12;13:48;Dia: 27/01/2023;mlN6Lpqblv
Red;7;13:48;Dia: 27/01/2023;M19XD9O7rA
Black;14;13:47;Dia: 27/01/2023;ylLz9y0b1G
Black;8;13:47;Dia: 27/01/2023;G17zD0YjrZ
Black;8;13:46;Dia: 27/01/2023;9rKbLAoNl6
Red;7;13:46;Dia: 27/01/2023;XlO50YRy1O
Red;1;13:45;Dia: 27/01/2023;WldVgoDA13
Red;5;13:45;Dia: 27/01/2023;elYn5BqGrL
Red;4;13:44;Dia: 27/01/2023;R1p2VXzal5
Red;6;13:44;Dia: 27/01/2023;RkbWvoBwlL
Red;5;13:43;Dia: 27/01/2023;EryV8wzN1j
Red;4;13:43;Dia: 27/01/2023;AlAm69XRlG
Red;2;13:42;Dia: 27/01/2023;plzXnJvO1n
Black;8;13:42;Dia: 27/01/2023;Kl3XDvAyrN
Red;3;13:41;Dia: 27/01/2023;xrMaYbD0rQ
Red;5;13:41;Dia: 27/01/2023;YrJ3y7j01K
Black;10;13:40;Dia: 27/01/2023;DlZ4KVDO1j
Black;11;13:40;Dia: 27/01/2023;6rXBwaQRkO
Black;10;13:39;Dia: 27/01/2023;V16GwRp7kB
Red;6;13:39;Dia: 27/01/2023;J1oVQ47Ord
Black;14;13:38;Dia: 27/01/2023;Arwdz4vD1z
Red;2;13:38;Dia: 27/01/2023;ekj6gnpNk9
Black;14;13:37;Dia: 27/01/2023;O1BRQAnW1K
Red;4;13:37;Dia: 27/01/2023;5rVXmwVOkK
Black;10;13:36;Dia: 27/01/2023;w1Da7bgmkE
Red;2;13:36;Dia: 27/01/2023;J1mvgnO6kj
Red;1;13:35;Dia: 27/01/2023;okgV5nAA1y
Black;12;13:35;Dia: 27/01/2023;4lQ7gOqx1n
White;0;13:34;Dia: 27/01/2023;RlvYnovJkj
Black;13;13:34;Dia: 27/01/2023;LknD0nKXr3
Black;10;13:33;Dia: 27/01/2023;2l4GPvyvkn
Black;13;13:33;Dia: 27/01/2023;Kl5aXMbQl9
Red;4;13:32;Dia: 27/01/2023;blRLgKzm1O
Red;1;13:32;Dia: 27/01/2023;V1anzoDQke
Red;7;13:31;Dia: 27/01/2023;8kGbgd0m1Z
Black;8;13:31;Dia: 27/01/2023;8r22XWRNrb
Black;10;13:30;Dia: 27/01/2023;erWE5aqgkX
Black;11;13:30;Dia: 27/01/2023;V1qoX49XlB
Red;1;13:29;Dia: 27/01/2023;Rl8Xo5dXlK
Black;8;13:29;Dia: 27/01/2023;5k0LJ0R8kY
Red;5;13:28;Dia: 27/01/2023;z1xQZwJ4kp
Red;5;13:28;Dia: 27/01/2023;V1eKgoLelo
Red;6;13:27;Dia: 27/01/2023;qlPeod2Rrz
Black;13;13:27;Dia: 27/01/2023;dlEaAp6Mlv
White;0;13:26;Dia: 27/01/2023;mlN6LpVblv
White;0;13:26;Dia: 27/01/2023;M19XD9y7rA
Red;7;13:25;Dia: 27/01/2023;ylLz9yjb1G
Red;1;13:25;Dia: 27/01/2023;G17zD0ojrZ
Red;6;13:24;Dia: 27/01/2023;9rKbLAVNl6
Red;3;13:24;Dia: 27/01/2023;XlO50YVy1O
Red;6;13:23;Dia: 27/01/2023;WldVgo7A13
Red;6;13:23;Dia: 27/01/2023;elYn5B6GrL
Red;2;13:22;Dia: 27/01/2023;R1p2VXqal5
Black;10;13:22;Dia: 27/01/2023;RkbWvoOwlL
Red;5;13:21;Dia: 27/01/2023;EryV8wmN1j
White;0;13:21;Dia: 27/01/2023;AlAm69LRlG
Red;2;13:20;Dia: 27/01/2023;plzXnJGO1n
Red;1;13:20;Dia: 27/01/2023;Kl3XDvJyrN
Black;8;13:19;Dia: 27/01/2023;xrMaYb30rQ
Red;7;13:19;Dia: 27/01/2023;YrJ3y7V01K
Black;12;13:18;Dia: 27/01/2023;DlZ4KVxO1j
Black;12;13:18;Dia: 27/01/2023;6rXBwaxRkO
White;0;13:17;Dia: 27/01/2023;V16GwRj7kB
Red;5;13:17;Dia: 27/01/2023;J1oVQ48Ord
Red;3;13:16;Dia: 27/01/2023;Arwdz4JD1z
Red;1;13:16;Dia: 27/01/2023;ekj6gnvNk9
Red;5;13:15;Dia: 27/01/2023;O1BRQA9W1K
Black;14;13:15;Dia: 27/01/2023;5rVXmwxOkK
Red;7;13:14;Dia: 27/01/2023;w1Da7bVmkE
Red;4;13:14;Dia: 27/01/2023;J1mvgn86kj
Red;2;13:13;Dia: 27/01/2023;okgV5nNA1y
Red;4;13:13;Dia: 27/01/2023;4lQ7gOxx1n
Black;14;13:12;Dia: 27/01/2023;RlvYnoXJkj
Red;6;13:12;Dia: 27/01/2023;LknD0n6Xr3
Red;3;13:11;Dia: 27/01/2023;2l4GPvjvkn
Red;2;13:11;Dia: 27/01/2023;Kl5aXMjQl9
Black;13;13:10;Dia: 27/01/2023;blRLgKDm1O
Red;2;13:10;Dia: 27/01/2023;V1anzodQke
Red;6;13:09;Dia: 27/01/2023;8kGbgdVm1Z
Red;4;13:09;Dia: 27/01/2023;8r22XWMNrb
Black;10;13:08;Dia: 27/01/2023;erWE5aVgkX
Red;2;13:08;Dia: 27/01/2023;V1qoX48XlB
Red;2;13:07;Dia: 27/01/2023;Rl8Xo5AXlK
Black;11;13:07;Dia: 27/01/2023;5k0LJ0j8kY
Black;10;13:06;Dia: 27/01/2023;z1xQZwA4kp
Black;10;13:06;Dia: 27/01/2023;V1eKgoQelo
Black;9;13:05;Dia: 27/01/2023;qlPeodnRrz
Red;6;13:05;Dia: 27/01/2023;dlEaApxMlv
Black;10;13:04;Dia: 27/01/2023;mlN6LpXblv
Red;6;13:04;Dia: 27/01/2023;M19XD9p7rA
Black;11;13:03;Dia: 27/01/2023;ylLz9ynb1G
Red;1;13:03;Dia: 27/01/2023;G17zD0yjrZ
Black;14;13:02;Dia: 27/01/2023;9rKbLAxNl6
Red;1;13:02;Dia: 27/01/2023;XlO50Yny1O
Red;5;13:01;Dia: 27/01/2023;WldVgozA13
Black;10;13:01;Dia: 27/01/2023;elYn5BQGrL
Black;8;13:00;Dia: 27/01/2023;R1p2VXGal5
Red;7;13:00;Dia: 27/01/2023;RkbWvoQwlL
Red;5;12:59;Dia: 27/01/2023;EryV8wyN1j
Red;6;12:59;Dia: 27/01/2023;AlAm69nRlG
White;0;12:58;Dia: 27/01/2023;mlN6LpX0lv
Red;7;12:58;Dia: 27/01/2023;M19XD9pKrA
Red;6;12:57;Dia: 27/01/2023;ylLz9ynx1G
Black;11;12:57;Dia: 27/01/2023;G17zD0yBrZ
Black;12;12:56;Dia: 27/01/2023;9rKbLAxZl6
Black;9;12:56;Dia: 27/01/2023;XlO50Ynz1O
Red;1;12:55;Dia: 27/01/2023;WldVgozE13
Black;13;12:55;Dia: 27/01/2023;elYn5BQYrL
Red;3;12:54;Dia: 27/01/2023;R1p2VXGgl5
Black;11;12:54;Dia: 27/01/2023;RkbWvoQplL
Black;14;12:53;Dia: 27/01/2023;EryV8wyD1j
Black;10;12:53;Dia: 27/01/2023;AlAm69nwlG
Red;3;12:52;Dia: 27/01/2023;plzXnJbW1n
Red;2;12:52;Dia: 27/01/2023;Kl3XDv67rN
Black;12;12:51;Dia: 27/01/2023;xrMaYbnDrQ
White;0;12:51;Dia: 27/01/2023;YrJ3y7qV1K
Black;9;12:50;Dia: 27/01/2023;DlZ4KV881j
Black;11;12:50;Dia: 27/01/2023;6rXBwa8PkO
Red;6;12:49;Dia: 27/01/2023;V16GwRARkB
Red;5;12:49;Dia: 27/01/2023;J1oVQ4Dnrd
Black;8;12:48;Dia: 27/01/2023;Arwdz4Qw1z
Black;13;12:48;Dia: 27/01/2023;ekj6gnZdk9
Black;9;12:47;Dia: 27/01/2023;O1BRQAxj1K
Red;1;12:47;Dia: 27/01/2023;5rVXmwn4kK
Black;13;12:46;Dia: 27/01/2023;w1Da7b8EkE
Black;9;12:46;Dia: 27/01/2023;J1mvgnGgkj
Black;12;12:45;Dia: 27/01/2023;okgV5nQV1y
Red;4;12:45;Dia: 27/01/2023;4lQ7gOnw1n
Black;9;12:44;Dia: 27/01/2023;RlvYnoyGkj
Red;4;12:44;Dia: 27/01/2023;LknD0nXRr3
Black;14;12:43;Dia: 27/01/2023;2l4GPvdokn
Red;5;12:43;Dia: 27/01/2023;Kl5aXMOol9
Red;7;12:42;Dia: 27/01/2023;blRLgKPO1O
Red;1;12:42;Dia: 27/01/2023;V1anzoM3ke
Red;2;12:41;Dia: 27/01/2023;8kGbgd3Z1Z
Black;10;12:41;Dia: 27/01/2023;8r22XWpgrb
Red;2;12:40;Dia: 27/01/2023;erWE5anRkX
Black;11;12:40;Dia: 27/01/2023;V1qoX4DylB
Black;13;12:39;Dia: 27/01/2023;Rl8Xo5LalK
Black;10;12:39;Dia: 27/01/2023;5k0LJ0yEkY
Red;1;12:38;Dia: 27/01/2023;z1xQZwpmkp
Red;2;12:37;Dia: 27/01/2023;V1eKgoJjlo
Red;7;12:37;Dia: 27/01/2023;qlPeodXQrz
Black;13;12:36;Dia: 27/01/2023;dlEaApmvlv
Red;6;12:36;Dia: 27/01/2023;mlN6Lpx0lv
Red;5;12:35;Dia: 27/01/2023;M19XD9eKrA
Black;9;12:35;Dia: 27/01/2023;ylLz9yGx1G
Red;7;12:34;Dia: 27/01/2023;G17zD07BrZ
Red;5;12:34;Dia: 27/01/2023;9rKbLAzZl6
Red;5;12:33;Dia: 27/01/2023;XlO50YPz1O
Red;3;12:33;Dia: 27/01/2023;WldVgoJE13
Black;10;12:32;Dia: 27/01/2023;elYn5BDYrL
Black;10;12:32;Dia: 27/01/2023;R1p2VXvgl5
Red;3;12:31;Dia: 27/01/2023;RkbWvoJplL
Black;14;12:31;Dia: 27/01/2023;EryV8wYD1j
Red;7;12:30;Dia: 27/01/2023;AlAm69ewlG
Black;8;12:30;Dia: 27/01/2023;plzXnJdW1n
Red;2;12:29;Dia: 27/01/2023;Kl3XDvY7rN
Red;6;12:29;Dia: 27/01/2023;xrMaYbRDrQ
Black;14;12:28;Dia: 27/01/2023;YrJ3y7GV1K
Red;2;12:28;Dia: 27/01/2023;DlZ4KVN81j
Black;11;12:27;Dia: 27/01/2023;6rXBwaPPkO
Red;5;12:27;Dia: 27/01/2023;V16GwRKRkB
Red;5;12:26;Dia: 27/01/2023;J1oVQ4Rnrd
Red;4;12:26;Dia: 27/01/2023;Arwdz4bw1z
Red;5;12:25;Dia: 27/01/2023;ekj6gnzdk9
Red;5;12:25;Dia: 27/01/2023;O1BRQA6j1K
Red;4;12:24;Dia: 27/01/2023;5rVXmwP4kK
Black;9;12:24;Dia: 27/01/2023;w1Da7bGEkE
White;0;12:23;Dia: 27/01/2023;J1mvgn4gkj
Black;10;12:23;Dia: 27/01/2023;okgV5nJV1y
Red;1;12:22;Dia: 27/01/2023;4lQ7gOXw1n
Black;9;12:22;Dia: 27/01/2023;RlvYnooGkj
Black;14;12:21;Dia: 27/01/2023;LknD0nnRr3
Black;10;12:21;Dia: 27/01/2023;2l4GPvvokn
Red;6;12:20;Dia: 27/01/2023;Kl5aXMMol9
Red;7;12:20;Dia: 27/01/2023;blRLgKKO1O
Black;13;12:19;Dia: 27/01/2023;V1anzoo3ke
Red;4;12:19;Dia: 27/01/2023;8kGbgddZ1Z
Red;1;12:18;Dia: 27/01/2023;8r22XWWgrb
Red;2;12:18;Dia: 27/01/2023;erWE5aaRkX
Black;8;12:17;Dia: 27/01/2023;V1qoX44ylB
White;0;12:17;Dia: 27/01/2023;Rl8Xo55alK
Red;2;12:16;Dia: 27/01/2023;5k0LJ00EkY
Black;9;12:16;Dia: 27/01/2023;z1xQZwwmkp
Red;5;12:15;Dia: 27/01/2023;V1eKgoojlo
Black;9;12:15;Dia: 27/01/2023;qlPeoddQrz
Black;9;12:14;Dia: 27/01/2023;dlEaAppvlv
White;0;12:14;Dia: 27/01/2023;mlN6Lpp0lv
Black;8;12:13;Dia: 27/01/2023;M19XD99KrA
Black;14;12:13;Dia: 27/01/2023;ylLz9yyx1G
Red;6;12:12;Dia: 27/01/2023;G17zD00BrZ
White;0;12:12;Dia: 27/01/2023;9rKbLAAZl6
Black;9;12:11;Dia: 27/01/2023;XlO50YYz1O
Red;7;12:11;Dia: 27/01/2023;WldVgooE13
Black;9;12:10;Dia: 27/01/2023;elYn5BBYrL
Red;5;12:10;Dia: 27/01/2023;R1p2VXXgl5
Black;8;12:09;Dia: 27/01/2023;RkbWvooplL
Black;11;12:09;Dia: 27/01/2023;EryV8wwD1j
Red;3;12:08;Dia: 27/01/2023;AlAm699wlG
Red;3;12:08;Dia: 27/01/2023;mlN6Lpp5lv
White;0;12:07;Dia: 27/01/2023;M19XD99orA
Black;10;12:07;Dia: 27/01/2023;ylLz9yy01G
Red;1;12:06;Dia: 27/01/2023;G17zD00orZ
Red;7;12:06;Dia: 27/01/2023;9rKbLAAxl6
Red;7;12:05;Dia: 27/01/2023;XlO50YYP1O
Black;8;12:05;Dia: 27/01/2023;WldVgooo13
Black;14;12:04;Dia: 27/01/2023;elYn5BB9rL
Black;12;12:04;Dia: 27/01/2023;R1p2VXXDl5
Black;11;12:03;Dia: 27/01/2023;RkbWvoonlL
Red;1;12:03;Dia: 27/01/2023;EryV8ww41j
Red;4;12:02;Dia: 27/01/2023;AlAm699dlG
Black;11;12:02;Dia: 27/01/2023;plzXnJJY1n
Red;1;12:01;Dia: 27/01/2023;Kl3XDvvDrN
Black;13;12:01;Dia: 27/01/2023;xrMaYbbarQ
Red;3;12:00;Dia: 27/01/2023;YrJ3y77d1K
Black;9;12:00;Dia: 27/01/2023;DlZ4KVm71j
Black;11;11:59;Dia: 27/01/2023;6rXBwamykO
Black;13;11:59;Dia: 27/01/2023;V16GwRQXkB
Red;4;11:58;Dia: 27/01/2023;J1oVQ4nerd
Red;6;11:58;Dia: 27/01/2023;Arwdz4AY1z
Red;3;11:57;Dia: 27/01/2023;ekj6gno3k9
Red;1;11:57;Dia: 27/01/2023;O1BRQAzZ1K
Red;1;11:56;Dia: 27/01/2023;5rVXmwKJkK
Red;2;11:56;Dia: 27/01/2023;w1Da7bdYkE
White;0;11:55;Dia: 27/01/2023;J1mvgnoDkj
Red;5;11:55;Dia: 27/01/2023;okgV5nDp1y
Black;8;11:54;Dia: 27/01/2023;4lQ7gObP1n
Black;14;11:54;Dia: 27/01/2023;RlvYnoRQkj
Black;11;11:53;Dia: 27/01/2023;LknD0nJbr3
Red;7;11:53;Dia: 27/01/2023;2l4GPvQAkn
Red;6;11:52;Dia: 27/01/2023;Kl5aXMQNl9
Black;13;11:52;Dia: 27/01/2023;blRLgKp21O
Red;3;11:51;Dia: 27/01/2023;V1anzo5Zke
Black;9;11:51;Dia: 27/01/2023;8kGbgdo91Z
Red;4;11:50;Dia: 27/01/2023;8r22XWDJrb
Black;14;11:50;Dia: 27/01/2023;erWE5a6pkX
Black;8;11:49;Dia: 27/01/2023;V1qoX4EvlB
Black;14;11:49;Dia: 27/01/2023;Rl8Xo5y9lK
Red;2;11:48;Dia: 27/01/2023;5k0LJ0x3kY
Black;8;11:48;Dia: 27/01/2023;z1xQZwygkp
White;0;11:47;Dia: 27/01/2023;V1eKgonOlo
Red;3;11:47;Dia: 27/01/2023;qlPeodygrz
White;0;11:46;Dia: 27/01/2023;dlEaApOwlv
Black;12;11:46;Dia: 27/01/2023;mlN6Lpa5lv
Black;8;11:45;Dia: 27/01/2023;M19XD9borA
Red;1;11:45;Dia: 27/01/2023;ylLz9ya01G
Red;7;11:44;Dia: 27/01/2023;G17zD0AorZ
Black;11;11:44;Dia: 27/01/2023;9rKbLAgxl6
Red;6;11:43;Dia: 27/01/2023;XlO50YAP1O
Red;4;11:43;Dia: 27/01/2023;WldVgo2o13
Red;3;11:42;Dia: 27/01/2023;elYn5B99rL
Black;14;11:42;Dia: 27/01/2023;R1p2VXQDl5
Red;4;11:41;Dia: 27/01/2023;RkbWvoxnlL
Black;11;11:41;Dia: 27/01/2023;EryV8wb41j
Red;4;11:40;Dia: 27/01/2023;AlAm69bdlG
Red;1;11:40;Dia: 27/01/2023;plzXnJpY1n
White;0;11:39;Dia: 27/01/2023;Kl3XDvqDrN
Black;14;11:39;Dia: 27/01/2023;xrMaYbearQ
Black;10;11:38;Dia: 27/01/2023;YrJ3y7ed1K
Red;4;11:38;Dia: 27/01/2023;DlZ4KVw71j
Red;3;11:37;Dia: 27/01/2023;6rXBwa6ykO
Black;8;11:37;Dia: 27/01/2023;V16GwRxXkB
Black;10;11:36;Dia: 27/01/2023;J1oVQ4verd
Red;4;11:36;Dia: 27/01/2023;Arwdz4wY1z
Red;4;11:35;Dia: 27/01/2023;ekj6gnR3k9
Black;10;11:35;Dia: 27/01/2023;O1BRQAXZ1K
Black;8;11:34;Dia: 27/01/2023;5rVXmwGJkK
Red;4;11:34;Dia: 27/01/2023;w1Da7bPYkE
Red;2;11:33;Dia: 27/01/2023;J1mvgnXDkj
Black;9;11:33;Dia: 27/01/2023;okgV5nZp1y
White;0;11:32;Dia: 27/01/2023;4lQ7gOmP1n
Black;14;11:32;Dia: 27/01/2023;RlvYno8Qkj
Black;13;11:31;Dia: 27/01/2023;LknD0nabr3
Black;13;11:31;Dia: 27/01/2023;2l4GPv6Akn
Red;2;11:30;Dia: 27/01/2023;Kl5aXMRNl9
Red;3;11:30;Dia: 27/01/2023;blRLgKm21O
Red;1;11:29;Dia: 27/01/2023;V1anzoeZke
Black;10;11:29;Dia: 27/01/2023;8kGbgd791Z
White;0;11:28;Dia: 27/01/2023;8r22XWoJrb
Red;6;11:28;Dia: 27/01/2023;erWE5aepkX
Red;7;11:27;Dia: 27/01/2023;V1qoX4wvlB
Red;4;11:27;Dia: 27/01/2023;Rl8Xo5R9lK
Red;7;11:26;Dia: 27/01/2023;5k0LJ0X3kY
Black;11;11:26;Dia: 27/01/2023;z1xQZwzgkp
Red;5;11:25;Dia: 27/01/2023;V1eKgoaOlo
Black;13;11:25;Dia: 27/01/2023;qlPeodmgrz
Black;10;11:24;Dia: 27/01/2023;dlEaApPwlv
Black;9;11:24;Dia: 27/01/2023;mlN6Lpm5lv
White;0;11:23;Dia: 27/01/2023;M19XD9qorA
Red;6;11:23;Dia: 27/01/2023;ylLz9yP01G
Red;5;11:22;Dia: 27/01/2023;G17zD0aorZ
Black;13;11:22;Dia: 27/01/2023;9rKbLAaxl6
Black;12;11:21;Dia: 27/01/2023;XlO50YXP1O
Black;10;11:21;Dia: 27/01/2023;WldVgo4o13
Black;12;11:20;Dia: 27/01/2023;elYn5Be9rL
Black;10;11:20;Dia: 27/01/2023;R1p2VXDDl5
Red;4;11:19;Dia: 27/01/2023;RkbWvo4nlL
Red;3;11:19;Dia: 27/01/2023;EryV8w241j
Red;1;11:18;Dia: 27/01/2023;AlAm69VdlG
Black;11;11:18;Dia: 27/01/2023;mlN6Lpmdlv
Red;5;11:17;Dia: 27/01/2023;M19XD9qDrA
Red;4;11:17;Dia: 27/01/2023;ylLz9yPz1G
Black;9;11:16;Dia: 27/01/2023;G17zD0aQrZ
Red;5;11:16;Dia: 27/01/2023;9rKbLAEGl6
Black;10;11:15;Dia: 27/01/2023;XlO50Y9j1O
Red;6;11:15;Dia: 27/01/2023;WldVgoGb13
Red;2;11:14;Dia: 27/01/2023;elYn5BvMrL
Red;7;11:14;Dia: 27/01/2023;R1p2VXnol5
Red;2;11:13;Dia: 27/01/2023;RkbWvon3lL
Red;3;11:13;Dia: 27/01/2023;EryV8wo91j
Black;10;11:12;Dia: 27/01/2023;AlAm69NJlG
Red;2;11:12;Dia: 27/01/2023;plzXnJ7R1n
Black;10;11:11;Dia: 27/01/2023;Kl3XDvMKrN
Red;1;11:11;Dia: 27/01/2023;xrMaYbG9rQ
Black;14;11:10;Dia: 27/01/2023;YrJ3y7RO1K
Red;7;11:10;Dia: 27/01/2023;DlZ4KVvA1j
Red;1;11:09;Dia: 27/01/2023;6rXBwadjkO
Black;10;11:09;Dia: 27/01/2023;V16GwRJbkB
White;0;11:08;Dia: 27/01/2023;J1oVQ49Mrd
Red;1;11:08;Dia: 27/01/2023;Arwdz4op1z
Black;8;11:07;Dia: 27/01/2023;ekj6gndYk9
Red;2;11:07;Dia: 27/01/2023;O1BRQANd1K
Red;1;11:06;Dia: 27/01/2023;5rVXmwpYkK
Red;1;11:06;Dia: 27/01/2023;w1Da7be4kE
Red;7;11:05;Dia: 27/01/2023;J1mvgnx5kj
Black;12;11:05;Dia: 27/01/2023;okgV5nbx1y
Black;14;11:04;Dia: 27/01/2023;4lQ7gOG01n
Black;12;11:04;Dia: 27/01/2023;RlvYnoxgkj
Black;10;11:03;Dia: 27/01/2023;LknD0nZxr3
Black;14;11:03;Dia: 27/01/2023;2l4GPva4kn
Black;14;11:02;Dia: 27/01/2023;Kl5aXMDml9
Red;3;11:02;Dia: 27/01/2023;blRLgKW01O
Red;2;11:01;Dia: 27/01/2023;V1anzoQ2ke
Red;1;11:01;Dia: 27/01/2023;8kGbgd501Z
Red;5;11:00;Dia: 27/01/2023;8r22XWQMrb
Red;2;11:00;Dia: 27/01/2023;erWE5aYDkX
Black;12;10:59;Dia: 27/01/2023;V1qoX4aDlB
Black;8;10:59;Dia: 27/01/2023;Rl8Xo585lK
Black;14;10:58;Dia: 27/01/2023;5k0LJ0axkY
Black;8;10:58;Dia: 27/01/2023;z1xQZw8zkp
Black;8;10:57;Dia: 27/01/2023;V1eKgoAAlo
Black;13;10:57;Dia: 27/01/2023;qlPeod86rz
Black;12;10:56;Dia: 27/01/2023;dlEaAp3zlv
Black;14;10:56;Dia: 27/01/2023;mlN6LpEdlv
Black;12;10:55;Dia: 27/01/2023;M19XD9vDrA
Black;11;10:55;Dia: 27/01/2023;ylLz9yKz1G
Red;5;10:54;Dia: 27/01/2023;G17zD0RQrZ
White;0;10:54;Dia: 27/01/2023;9rKbLAWGl6
Red;5;10:53;Dia: 27/01/2023;XlO50YOj1O
Red;3;10:53;Dia: 27/01/2023;WldVgo8b13
Black;9;10:52;Dia: 27/01/2023;elYn5BgMrL
Black;11;10:52;Dia: 27/01/2023;R1p2VX0ol5
Black;8;10:51;Dia: 27/01/2023;RkbWvoG3lL
Red;1;10:51;Dia: 27/01/2023;EryV8w491j
White;0;10:50;Dia: 27/01/2023;AlAm69aJlG
Red;2;10:50;Dia: 27/01/2023;plzXnJAR1n
Red;6;10:49;Dia: 27/01/2023;Kl3XDv2KrN
Black;9;10:49;Dia: 27/01/2023;xrMaYb89rQ
Black;10;10:48;Dia: 27/01/2023;YrJ3y7zO1K
Black;8;10:48;Dia: 27/01/2023;DlZ4KV5A1j
Red;1;10:47;Dia: 27/01/2023;6rXBwavjkO
Black;9;10:47;Dia: 27/01/2023;V16GwRgbkB
Red;4;10:46;Dia: 27/01/2023;J1oVQ42Mrd
Red;4;10:46;Dia: 27/01/2023;Arwdz4mp1z
Red;7;10:45;Dia: 27/01/2023;ekj6gnDYk9
Black;13;10:45;Dia: 27/01/2023;O1BRQAjd1K
Red;2;10:44;Dia: 27/01/2023;5rVXmwDYkK
Red;6;10:44;Dia: 27/01/2023;w1Da7bj4kE
White;0;10:43;Dia: 27/01/2023;J1mvgn75kj
Black;14;10:43;Dia: 27/01/2023;okgV5nLx1y
Black;13;10:42;Dia: 27/01/2023;4lQ7gOD01n
Red;4;10:42;Dia: 27/01/2023;RlvYnomgkj
Black;13;10:41;Dia: 27/01/2023;LknD0nQxr3
Black;8;10:41;Dia: 27/01/2023;2l4GPvg4kn
Red;4;10:40;Dia: 27/01/2023;Kl5aXMgml9
Red;1;10:40;Dia: 27/01/2023;blRLgK501O
Red;1;10:39;Dia: 27/01/2023;V1anzo42ke
Black;11;10:39;Dia: 27/01/2023;8kGbgdm01Z
Red;5;10:38;Dia: 27/01/2023;8r22XW6Mrb
Red;4;10:38;Dia: 27/01/2023;erWE5a7DkX
Black;10;10:37;Dia: 27/01/2023;V1qoX4JDlB
Red;1;10:37;Dia: 27/01/2023;Rl8Xo5g5lK
Red;2;10:36;Dia: 27/01/2023;5k0LJ0QxkY
Red;7;10:36;Dia: 27/01/2023;z1xQZwVzkp
Black;14;10:35;Dia: 27/01/2023;V1eKgo5Alo
Black;9;10:35;Dia: 27/01/2023;qlPeod66rz
Black;11;10:34;Dia: 27/01/2023;dlEaApqzlv
Black;9;10:34;Dia: 27/01/2023;mlN6LpDdlv
White;0;10:33;Dia: 27/01/2023;M19XD9wDrA
Black;8;10:33;Dia: 27/01/2023;ylLz9yoz1G
Black;13;10:32;Dia: 27/01/2023;G17zD0gQrZ
Black;9;10:32;Dia: 27/01/2023;9rKbLA6Gl6
Black;9;10:31;Dia: 27/01/2023;XlO50YWj1O
Red;1;10:31;Dia: 27/01/2023;WldVgovb13
Red;4;10:30;Dia: 27/01/2023;elYn5BwMrL
Red;4;10:30;Dia: 27/01/2023;R1p2VXJol5
Red;3;10:29;Dia: 27/01/2023;RkbWvog3lL
Red;6;10:29;Dia: 27/01/2023;EryV8wp91j
Black;12;10:28;Dia: 27/01/2023;AlAm69dJlG
Red;6;10:28;Dia: 27/01/2023;mlN6LpRelv
Black;11;10:27;Dia: 27/01/2023;M19XD94PrA
Black;10;10:27;Dia: 27/01/2023;ylLz9y6L1G
Black;8;10:26;Dia: 27/01/2023;G17zD06WrZ
Black;11;10:26;Dia: 27/01/2023;9rKbLA60l6
Red;5;10:25;Dia: 27/01/2023;XlO50YW31O
Red;6;10:25;Dia: 27/01/2023;WldVgovW13
Red;5;10:24;Dia: 27/01/2023;elYn5BwWrL
Black;9;10:24;Dia: 27/01/2023;R1p2VXJRl5
Black;13;10:23;Dia: 27/01/2023;RkbWvogZlL
Black;14;10:23;Dia: 27/01/2023;EryV8wp61j
Black;8;10:22;Dia: 27/01/2023;AlAm69dKlG
Black;9;10:22;Dia: 27/01/2023;plzXnJVx1n
Red;7;10:21;Dia: 27/01/2023;Kl3XDvENrN
Red;4;10:21;Dia: 27/01/2023;xrMaYb6jrQ
Black;8;10:20;Dia: 27/01/2023;YrJ3y7ZL1K
Black;8;10:20;Dia: 27/01/2023;DlZ4KVWq1j
Black;10;10:19;Dia: 27/01/2023;6rXBwa4NkO
Black;12;10:19;Dia: 27/01/2023;V16GwRzvkB
Red;7;10:18;Dia: 27/01/2023;J1oVQ4oxrd
Black;11;10:18;Dia: 27/01/2023;Arwdz4yX1z
Black;12;10:17;Dia: 27/01/2023;ekj6gnewk9
Red;5;10:17;Dia: 27/01/2023;O1BRQAEn1K
Red;6;10:16;Dia: 27/01/2023;5rVXmw4xkK
Red;5;10:16;Dia: 27/01/2023;w1Da7bQ8kE
Red;4;10:15;Dia: 27/01/2023;J1mvgnV4kj
Black;9;10:15;Dia: 27/01/2023;okgV5n6n1y
Black;9;10:14;Dia: 27/01/2023;4lQ7gO6b1n
Black;9;10:14;Dia: 27/01/2023;RlvYnoA8kj
Black;10;10:13;Dia: 27/01/2023;LknD0nqZr3
White;0;10:13;Dia: 27/01/2023;2l4GPv2gkn
Black;8;10:12;Dia: 27/01/2023;Kl5aXMGGl9
Black;8;10:12;Dia: 27/01/2023;blRLgKVa1O
Red;5;10:11;Dia: 27/01/2023;V1anzopzke
Black;8;10:11;Dia: 27/01/2023;8kGbgd8b1Z
Black;10;10:10;Dia: 27/01/2023;8r22XWNqrb
Black;9;10:10;Dia: 27/01/2023;erWE5agbkX
Black;14;10:09;Dia: 27/01/2023;V1qoX4VnlB
Black;12;10:09;Dia: 27/01/2023;Rl8Xo5jJlK
White;0;10:08;Dia: 27/01/2023;5k0LJ0qDkY
Red;7;10:08;Dia: 27/01/2023;z1xQZwOdkp
Black;9;10:07;Dia: 27/01/2023;V1eKgo63lo
Black;8;10:07;Dia: 27/01/2023;qlPeodVOrz
Red;6;10:06;Dia: 27/01/2023;dlEaApeJlv
Black;8;10:06;Dia: 27/01/2023;mlN6Lpdelv
Black;11;10:05;Dia: 27/01/2023;M19XD96PrA
Black;12;10:05;Dia: 27/01/2023;ylLz9ygL1G
Black;8;10:04;Dia: 27/01/2023;G17zD0JWrZ
Black;13;10:04;Dia: 27/01/2023;9rKbLAO0l6
Red;4;10:03;Dia: 27/01/2023;XlO50Y631O
White;0;10:03;Dia: 27/01/2023;WldVgomW13
Black;9;10:02;Dia: 27/01/2023;elYn5BzWrL
Red;3;10:02;Dia: 27/01/2023;R1p2VXmRl5
Red;4;10:01;Dia: 27/01/2023;RkbWvoYZlL
Red;2;10:01;Dia: 27/01/2023;EryV8wZ61j
Black;13;10:00;Dia: 27/01/2023;AlAm69qKlG
Red;4;10:00;Dia: 27/01/2023;plzXnJYx1n
Red;3;09:59;Dia: 27/01/2023;Kl3XDvGNrN
White;0;09:59;Dia: 27/01/2023;xrMaYb5jrQ
White;0;09:58;Dia: 27/01/2023;YrJ3y7oL1K
White;0;09:58;Dia: 27/01/2023;DlZ4KVgq1j
Red;1;09:57;Dia: 27/01/2023;6rXBwaLNkO
Black;13;09:57;Dia: 27/01/2023;V16GwR5vkB
Black;12;09:56;Dia: 27/01/2023;J1oVQ4Jxrd
Red;6;09:56;Dia: 27/01/2023;Arwdz40X1z
Black;8;09:55;Dia: 27/01/2023;ekj6gnEwk9
Red;1;09:55;Dia: 27/01/2023;O1BRQAOn1K
Black;11;09:54;Dia: 27/01/2023;5rVXmwoxkK
Black;12;09:54;Dia: 27/01/2023;w1Da7bE8kE
Black;9;09:53;Dia: 27/01/2023;J1mvgnJ4kj
Red;4;09:53;Dia: 27/01/2023;okgV5non1y
Red;2;09:52;Dia: 27/01/2023;4lQ7gOEb1n
Red;7;09:52;Dia: 27/01/2023;RlvYnoa8kj
Red;1;09:51;Dia: 27/01/2023;LknD0nLZr3
Red;7;09:51;Dia: 27/01/2023;2l4GPvWgkn
Red;6;09:50;Dia: 27/01/2023;Kl5aXMzGl9
Black;9;09:50;Dia: 27/01/2023;blRLgKaa1O
Black;11;09:49;Dia: 27/01/2023;V1anzowzke
Red;5;09:49;Dia: 27/01/2023;8kGbgdNb1Z
White;0;09:48;Dia: 27/01/2023;8r22XWwqrb
Black;9;09:48;Dia: 27/01/2023;erWE5a5bkX
Red;7;09:47;Dia: 27/01/2023;V1qoX4XnlB
Red;4;09:47;Dia: 27/01/2023;Rl8Xo5oJlK
Red;6;09:46;Dia: 27/01/2023;5k0LJ0JDkY
Red;3;09:46;Dia: 27/01/2023;z1xQZwZdkp
Red;2;09:45;Dia: 27/01/2023;V1eKgog3lo
Black;10;09:45;Dia: 27/01/2023;qlPeodoOrz
Red;6;09:44;Dia: 27/01/2023;dlEaApAJlv
Red;7;09:44;Dia: 27/01/2023;mlN6LpLelv
Red;6;09:43;Dia: 27/01/2023;M19XD9DPrA
Red;4;09:43;Dia: 27/01/2023;ylLz9y9L1G
Red;4;09:42;Dia: 27/01/2023;G17zD0DWrZ
Black;10;09:42;Dia: 27/01/2023;9rKbLAL0l6
Black;9;09:41;Dia: 27/01/2023;XlO50Y031O
Black;8;09:41;Dia: 27/01/2023;WldVgogW13
Red;5;09:40;Dia: 27/01/2023;elYn5B5WrL
Red;4;09:40;Dia: 27/01/2023;R1p2VXVRl5
Black;12;09:39;Dia: 27/01/2023;RkbWvovZlL
Black;10;09:39;Dia: 27/01/2023;EryV8w861j
Red;2;09:38;Dia: 27/01/2023;AlAm696KlG
Black;13;09:38;Dia: 27/01/2023;mlN6LpL4lv
Red;6;09:37;Dia: 27/01/2023;M19XD9D8rA
Red;2;09:37;Dia: 27/01/2023;ylLz9y9B1G
Black;10;09:36;Dia: 27/01/2023;G17zD0D3rZ
Black;11;09:36;Dia: 27/01/2023;9rKbLALpl6
Black;12;09:35;Dia: 27/01/2023;XlO50Y0b1O
White;0;09:35;Dia: 27/01/2023;WldVgogX13
Black;13;09:34;Dia: 27/01/2023;elYn5B5LrL
Black;14;09:34;Dia: 27/01/2023;R1p2VXVZl5
Black;13;09:33;Dia: 27/01/2023;RkbWvovVlL
Red;5;09:33;Dia: 27/01/2023;EryV8w8z1j
Red;2;09:32;Dia: 27/01/2023;AlAm696LlG
Red;3;09:32;Dia: 27/01/2023;plzXnJnb1n
Red;3;09:31;Dia: 27/01/2023;Kl3XDvDYrN
Red;3;09:31;Dia: 27/01/2023;xrMaYbYbrQ
White;0;09:30;Dia: 27/01/2023;YrJ3y7ye1K
Red;1;09:30;Dia: 27/01/2023;DlZ4KVKw1j
Red;2;09:29;Dia: 27/01/2023;6rXBwawdkO
Black;8;09:29;Dia: 27/01/2023;V16GwRwgkB
Black;10;09:28;Dia: 27/01/2023;J1oVQ4Qord
Black;14;09:28;Dia: 27/01/2023;Arwdz4z01z
Red;1;09:27;Dia: 27/01/2023;ekj6gnggk9
Black;12;09:27;Dia: 27/01/2023;O1BRQAQR1K
Black;11;09:26;Dia: 27/01/2023;5rVXmwmNkK
Black;14;09:26;Dia: 27/01/2023;w1Da7baKkE
Black;13;09:25;Dia: 27/01/2023;J1mvgnvakj
Black;14;09:25;Dia: 27/01/2023;okgV5nVd1y
White;0;09:24;Dia: 27/01/2023;4lQ7gO7M1n
Black;13;09:24;Dia: 27/01/2023;RlvYnoYpkj
White;0;09:23;Dia: 27/01/2023;LknD0nD3r3
Red;6;09:23;Dia: 27/01/2023;2l4GPvGZkn
Black;9;09:22;Dia: 27/01/2023;Kl5aXMaVl9
Black;8;09:22;Dia: 27/01/2023;blRLgKLq1O
Black;13;09:21;Dia: 27/01/2023;V1anzonWke
Black;13;09:21;Dia: 27/01/2023;8kGbgdbY1Z
Black;10;09:20;Dia: 27/01/2023;8r22XW2zrb
Black;9;09:20;Dia: 27/01/2023;erWE5aEQkX
Red;6;09:19;Dia: 27/01/2023;V1qoX4odlB
Red;3;09:19;Dia: 27/01/2023;Rl8Xo5XYlK
Red;1;09:18;Dia: 27/01/2023;5k0LJ0LOkY
Red;6;09:18;Dia: 27/01/2023;z1xQZwQYkp
Black;14;09:17;Dia: 27/01/2023;V1eKgoKZlo
White;0;09:17;Dia: 27/01/2023;qlPeodeWrz
Black;9;09:16;Dia: 27/01/2023;dlEaApaNlv
White;0;09:16;Dia: 27/01/2023;mlN6Lp64lv
Black;8;09:15;Dia: 27/01/2023;M19XD9X8rA
Red;2;09:15;Dia: 27/01/2023;ylLz9yzB1G
Red;7;09:14;Dia: 27/01/2023;G17zD0z3rZ
Black;8;09:14;Dia: 27/01/2023;9rKbLAbpl6
Black;13;09:13;Dia: 27/01/2023;XlO50Y5b1O
Red;6;09:13;Dia: 27/01/2023;WldVgoVX13
Red;5;09:12;Dia: 27/01/2023;elYn5BnLrL
Black;11;09:12;Dia: 27/01/2023;R1p2VX2Zl5
Black;11;09:11;Dia: 27/01/2023;RkbWvoWVlL
Red;1;09:11;Dia: 27/01/2023;EryV8wVz1j
Black;10;09:10;Dia: 27/01/2023;AlAm69mLlG
Red;2;09:10;Dia: 27/01/2023;plzXnJXb1n
Red;1;09:09;Dia: 27/01/2023;Kl3XDvXYrN
Black;12;09:09;Dia: 27/01/2023;xrMaYbabrQ
Red;2;09:08;Dia: 27/01/2023;YrJ3y73e1K
White;0;09:08;Dia: 27/01/2023;DlZ4KV4w1j
Red;7;09:07;Dia: 27/01/2023;6rXBwaBdkO
Red;4;09:07;Dia: 27/01/2023;V16GwRGgkB
Red;1;09:06;Dia: 27/01/2023;J1oVQ4Vord
Black;12;09:06;Dia: 27/01/2023;Arwdz4d01z
White;0;09:05;Dia: 27/01/2023;ekj6gn6gk9
Black;13;09:05;Dia: 27/01/2023;O1BRQARR1K
Red;4;09:04;Dia: 27/01/2023;5rVXmwXNkK
Red;4;09:04;Dia: 27/01/2023;w1Da7b3KkE
Red;2;09:03;Dia: 27/01/2023;J1mvgnmakj
Black;10;09:03;Dia: 27/01/2023;okgV5nmd1y
Black;12;09:02;Dia: 27/01/2023;4lQ7gOwM1n
Black;9;09:02;Dia: 27/01/2023;RlvYnoZpkj
Black;11;09:01;Dia: 27/01/2023;LknD0nm3r3
Black;14;09:01;Dia: 27/01/2023;2l4GPvXZkn
Red;3;09:00;Dia: 27/01/2023;Kl5aXMvVl9
Black;13;09:00;Dia: 27/01/2023;blRLgK3q1O
Black;12;08:59;Dia: 27/01/2023;V1anzoVWke
Red;7;08:59;Dia: 27/01/2023;8kGbgdXY1Z
Red;3;08:58;Dia: 27/01/2023;8r22XWqzrb
Black;12;08:58;Dia: 27/01/2023;erWE5aoQkX
Black;12;08:57;Dia: 27/01/2023;V1qoX4mdlB
Black;10;08:57;Dia: 27/01/2023;Rl8Xo5DYlK
Red;3;08:56;Dia: 27/01/2023;5k0LJ08OkY
Black;9;08:56;Dia: 27/01/2023;z1xQZwDYkp
Black;13;08:55;Dia: 27/01/2023;V1eKgoVZlo
Red;1;08:55;Dia: 27/01/2023;qlPeodNWrz
Black;9;08:54;Dia: 27/01/2023;dlEaApRNlv
Red;7;08:54;Dia: 27/01/2023;mlN6Lpo4lv
Red;5;08:53;Dia: 27/01/2023;M19XD9j8rA
Red;5;08:53;Dia: 27/01/2023;ylLz9ypB1G
Black;8;08:52;Dia: 27/01/2023;G17zD0Q3rZ
Red;2;08:52;Dia: 27/01/2023;9rKbLA5pl6
White;0;08:51;Dia: 27/01/2023;XlO50Yob1O
Black;11;08:51;Dia: 27/01/2023;WldVgoOX13
Black;14;08:50;Dia: 27/01/2023;elYn5BoLrL
Black;14;08:50;Dia: 27/01/2023;R1p2VXNZl5
Black;11;08:49;Dia: 27/01/2023;RkbWvo6VlL
Red;3;08:49;Dia: 27/01/2023;EryV8wKz1j
Black;11;08:48;Dia: 27/01/2023;AlAm695LlG
Black;12;08:48;Dia: 27/01/2023;mlN6LpoXlv
Black;9;08:47;Dia: 27/01/2023;M19XD9jerA
Red;7;08:47;Dia: 27/01/2023;ylLz9ypy1G
Red;3;08:46;Dia: 27/01/2023;G17zD0QArZ
